"X","OTN_ARRAY","OTN_ARRAY_2","OTN_ARRAY_3","STATION_NO","STATION_NO2","DEPLOY_DATE_TIME_UTC","BOTTOM_DEPTH","INS_MODEL_NO","RECEIVER_SN","RECEIVER_TAG_ID","RECOVERED","RECOVER_DATE_TIME_UTC","YEAR_DEPLOYED","Assigned_c","X.1","depth"
1,"SABMPA","SAB_OLD","SAB_NORTH","N10","N10","2015-05-11T00:00:00",NA,"VR2AR",545780,"A69-1601-60244","Y","2016-04-17T16:25:00",2015,"A - Mud"," 46.21183)",124.8
2,"SABMPA","SAB_OLD","SAB_NORTH","N11","N11","2015-05-11T00:00:00",NA,"VR2AR",545768,"A69-1601-60232","Y","2016-04-17T16:15:00",2015,"A - Mud"," 46.21567)",127.1
3,"SABMPA","SAB_OLD","SAB_NORTH","N12","N12","2015-05-11T00:00:00",NA,"VR2AR",545772,"A69-1601-60236","Y","2016-04-17T16:06:00",2015,"A - Mud"," 46.2195)",129.6
4,"SABMPA","SAB_OLD","SAB_NORTH","N13","N13","2015-05-11T00:00:00",NA,"VR2AR",545779,"A69-1601-60243","Y","2016-04-17T16:32:00",2015,"A - Mud"," 46.22333)",126.2
5,"SABMPA","SAB_OLD","SAB_NORTH","N21","N21","2016-04-17T15:31:45",NA,"VR2AR",546072,"A69-1601-60536","Y","2017-05-05T14:18:47",2016,"A - Mud"," 46.2427133)",131.6
6,"SABMPA","SAB_OLD","SAB_NORTH","N20","N20","2016-04-17T15:36:19",NA,"VR2AR",546078,"A69-1601-60542","Y","2017-05-05T14:27:45",2016,"A - Mud"," 46.2385067)",131.1
7,"SABMPA","SAB_OLD","SAB_NORTH","N19","N19","2016-04-17T15:40:12",NA,"VR2AR",546079,"A69-1601-60543","Y","2017-05-05T14:36:40",2016,"A - Mud"," 46.2342133)",132.8
8,"SABMPA","SAB_OLD","SAB_NORTH","N18","N18","2016-04-17T15:44:02",NA,"VR2AR",546089,"A69-1601-60553","Y","2017-05-05T14:47:12",2016,"A - Mud"," 46.2311183)",127.6
9,"SABMPA","SAB_OLD","SAB_NORTH","N17","N17","2016-04-17T15:48:32",NA,"VR2AR",546083,"A69-1601-60547","Y","2017-05-05T14:56:12",2016,"A - Mud"," 46.22687)",127.6
10,"SABMPA","SAB_OLD","SAB_NORTH","N16","N16","2016-04-17T15:52:07",NA,"VR2AR",546080,"A69-1601-60544","Y","2017-05-05T15:04:28",2016,"A - Mud"," 46.2236)",126.2
11,"SABMPA","SAB_OLD","SAB_NORTH","N12","N12","2016-04-17T16:03:46",NA,"VR2AR",546082,"A69-1601-60546","Y","2017-05-05T15:14:02",2016,"A - Mud"," 46.219645)",129.6
12,"SABMPA","SAB_OLD","SAB_NORTH","N11","N11","2016-04-17T16:13:30",NA,"VR2AR",546071,"A69-1601-60535","Y","2017-05-05T15:21:53",2016,"A - Mud"," 46.2159367)",127.1
13,"SABMPA","SAB_OLD","SAB_NORTH","N10","N10","2016-04-17T16:22:05",NA,"VR2AR",546084,"A69-1601-60548","Y","2017-05-05T15:30:50",2016,"A - Mud"," 46.2115167)",124.8
14,"SABMPA","SAB_OLD","SAB_NORTH","N22","N22","2017-05-05T14:14:32",NA,"VR2AR",545765,"A69-1601-60229","Y","2018-06-10T13:17:54",2017,"A - Mud"," 46.2465883)",141.4
15,"SABMPA","SAB_OLD","SAB_NORTH","N21","N21","2017-05-05T14:18:47",NA,"VR2AR",545784,"A69-1601-60248","Y","2018-06-10T13:26:32",2017,"A - Mud"," 46.2419083)",131.6
16,"SABMPA","SAB_OLD","SAB_NORTH","N20","N20","2017-05-05T14:27:45",NA,"VR2AR",545773,"A69-1601-60237","Y","2018-06-10T13:35:45",2017,"A - Mud"," 46.2383633)",131.1
17,"SABMPA","SAB_OLD","SAB_NORTH","N19","N19","2017-05-05T14:36:40",NA,"VR2AR",546074,"A69-1601-60538","Y","2018-06-10T13:44:42",2017,"A - Mud"," 46.2343883)",132.8
18,"SABMPA","SAB_OLD","SAB_NORTH","N18","N18","2017-05-05T14:47:12",NA,"VR2AR",545778,"A69-1601-60242","Y","2018-06-10T13:54:05",2017,"A - Mud"," 46.230845)",129.2
19,"SABMPA","SAB_OLD","SAB_NORTH","N17","N17","2017-05-05T14:56:12",NA,"VR2AR",546072,"A69-1601-60536","Y","2018-06-10T14:03:11",2017,"A - Mud"," 46.2269667)",127.6
20,"SABMPA","SAB_OLD","SAB_NORTH","N16","N16","2017-05-05T15:04:28",NA,"VR2AR",546078,"A69-1601-60542","Y","2018-06-10T14:10:56",2017,"A - Mud"," 46.2235067)",126.2
21,"SABMPA","SAB_OLD","SAB_NORTH","N12","N12","2017-05-05T15:14:02",NA,"VR2AR",546079,"A69-1601-60543","Y","2018-06-10T14:19:33",2017,"A - Mud"," 46.2194033)",129.6
22,"SABMPA","SAB_OLD","SAB_NORTH","N11","N11","2017-05-05T15:21:53",NA,"VR2AR",546089,"A69-1601-60553","Y","2018-06-10T14:28:47",2017,"A - Mud"," 46.2158183)",127.1
23,"SABMPA","SAB_OLD","SAB_NORTH","N10","N10","2017-05-05T15:30:50",NA,"VR2AR",546083,"A69-1601-60547","Y","2018-06-10T14:38:20",2017,"A - Mud"," 46.211525)",124.8
24,"SABMPA","SAB_OLD","SAB_NORTH","N123","N23","2018-06-10T13:17:54",NA,"VR2AR",545769,"A69-1601-60233","Y","2019-08-07T13:56:00",2018,"A - Mud"," 46.24664)",141.4
25,"SABMPA","SAB_OLD","SAB_NORTH","N122","N22","2018-06-10T13:26:32",NA,"VR2AR",545766,"A69-1601-60230","Y","2019-08-07T14:03:00",2018,"A - Mud"," 46.24223)",131.6
26,"SABMPA","SAB_OLD","SAB_NORTH","N121","N21","2018-06-10T13:35:45",NA,"VR2AR",545771,"A69-1601-60235","Y","2019-08-07T14:11:00",2018,"A - Mud"," 46.23842)",131.1
27,"SABMPA","SAB_OLD","SAB_NORTH","N120","N20","2018-06-10T13:44:42",NA,"VR2AR",545765,"A69-1601-60229","Y","2019-08-07T14:19:00",2018,"A - Mud"," 46.23446)",132.8
28,"SABMPA","SAB_OLD","SAB_NORTH","N119","N19","2018-06-10T13:54:05",NA,"VR2AR",545784,"A69-1601-60248","Y","2019-08-07T14:28:00",2018,"A - Mud"," 46.23071)",127.6
29,"SABMPA","SAB_OLD","SAB_NORTH","N118","N18","2018-06-10T14:03:11",NA,"VR2AR",545773,"A69-1601-60237","Y","2019-08-07T14:37:00",2018,"A - Mud"," 46.22689)",127.6
30,"SABMPA","SAB_OLD","SAB_NORTH","N117","N17","2018-06-10T14:10:56",NA,"VR2AR",546074,"A69-1601-60538","Y","2019-08-07T14:45:00",2018,"A - Mud"," 46.22347)",126.2
31,"SABMPA","SAB_OLD","SAB_NORTH","N116","N16","2018-06-10T14:19:33",NA,"VR2AR",545778,"A69-1601-60242","Y","2019-08-07T14:52:00",2018,"A - Mud"," 46.21945)",129.6
32,"SABMPA","SAB_OLD","SAB_NORTH","N115","N15","2018-06-10T14:28:47",NA,"VR2AR",546072,"A69-1601-60536","Y","2019-08-07T15:00:00",2018,"A - Mud"," 46.21575)",127.1
33,"SABMPA","SAB_OLD","SAB_NORTH","N114","N14","2018-06-10T14:38:20",NA,"VR2AR",546078,"A69-1601-60542","Y","2019-08-07T15:08:00",2018,"A - Mud"," 46.2114)",124.8
34,"SABMPA","SAB_OLD","SAB_NORTH","N123","N23","2019-08-07T13:54:00",NA,"VR2AR",545761,"A69-1601-60225","Y","2020-08-22T16:39:00",2019,"A - Mud"," 46.24656)",141.4
35,"SABMPA","SAB_OLD","SAB_NORTH","N122","N22","2019-08-07T14:00:00",NA,"VR2AR",545713,"A69-1601-60177","Y","2020-08-22T16:50:00",2019,"A - Mud"," 46.24222)",131.6
36,"SABMPA","SAB_OLD","SAB_NORTH","N121","N21","2019-08-07T14:09:00",NA,"VR2AR",545769,"A69-1601-60233","Y","2020-08-22T17:00:00",2019,"A - Mud"," 46.23849)",131.1
37,"SABMPA","SAB_OLD","SAB_NORTH","N120","N20","2019-08-07T14:18:00",NA,"VR2AR",545766,"A69-1601-60230","Y","2020-08-22T17:09:00",2019,"A - Mud"," 46.23442)",132.8
38,"SABMPA","SAB_OLD","SAB_NORTH","N119","N19","2019-08-07T14:26:00",NA,"VR2AR",545771,"A69-1601-60235","Y","2020-08-22T17:18:00",2019,"A - Mud"," 46.23095)",127.6
39,"SABMPA","SAB_OLD","SAB_NORTH","N118","N18","2019-08-07T14:35:00",NA,"VR2AR",545765,"A69-1601-60229","Y","2020-08-22T17:27:00",2019,"A - Mud"," 46.22684)",127.6
40,"SABMPA","SAB_OLD","SAB_NORTH","N117","N17","2019-08-07T14:43:00",NA,"VR2AR",545784,"A69-1601-60248","Y","2020-08-22T17:37:00",2019,"A - Mud"," 46.22362)",126.2
41,"SABMPA","SAB_OLD","SAB_NORTH","N116","N16","2019-08-07T14:50:00",NA,"VR2AR",545773,"A69-1601-60237","Y","2020-08-22T17:46:00",2019,"A - Mud"," 46.21948)",129.6
42,"SABMPA","SAB_OLD","SAB_NORTH","N115","N15","2019-08-07T14:58:00",NA,"VR2AR",546074,"A69-1601-60538","Y","2020-08-22T17:55:00",2019,"A - Mud"," 46.2159)",127.1
43,"SABMPA","SAB_OLD","SAB_NORTH","N114","N14","2019-08-07T15:07:00",NA,"VR2AR",545778,"A69-1601-60242","Y","2020-08-22T18:04:00",2019,"A - Mud"," 46.2117)",124.8
44,"SABMPA","SAB_OLD","SAB_NORTH","N123","N23","2020-08-22T16:39:00",NA,"VR2AR",545781,"A69-1601-60245","Y","2021-08-10T12:34:00",2020,"A - Mud"," 46.24656)",141.4
45,"SABMPA","SAB_OLD","SAB_NORTH","N122","N22","2020-08-22T16:54:00",NA,"VR2AR",545762,"A69-1601-60226","Y","2021-08-10T12:25:00",2020,"A - Mud"," 46.24222)",131.6
46,"SABMPA","SAB_OLD","SAB_NORTH","N121","N21","2020-08-22T17:00:00",NA,"VR2AR",545761,"A69-1601-60225","Y","2021-08-10T12:15:00",2020,"A - Mud"," 46.23849)",131.1
47,"SABMPA","SAB_OLD","SAB_NORTH","N120","N20","2020-08-22T17:10:00",NA,"VR2AR",545713,"A69-1601-60177","Y","2021-08-10T12:03:00",2020,"A - Mud"," 46.23442)",132.8
48,"SABMPA","SAB_OLD","SAB_NORTH","N119","N19","2020-08-22T17:19:00",NA,"VR2AR",545769,"A69-1601-60233","Y","2021-08-10T11:54:00",2020,"A - Mud"," 46.23095)",127.6
49,"SABMPA","SAB_OLD","SAB_NORTH","N118","N18","2020-08-22T17:27:00",NA,"VR2AR",545766,"A69-1601-60230","Y","2021-08-10T11:43:00",2020,"A - Mud"," 46.22684)",127.6
50,"SABMPA","SAB_OLD","SAB_NORTH","N117","N17","2020-08-22T17:39:00",NA,"VR2AR",545771,"A69-1601-60235","Y","2021-08-10T11:33:00",2020,"A - Mud"," 46.22362)",126.2
51,"SABMPA","SAB_OLD","SAB_NORTH","N116","N16","2020-08-22T17:47:00",NA,"VR2AR",545765,"A69-1601-60229","Y","2021-08-10T11:23:00",2020,"A - Mud"," 46.21948)",129.6
52,"SABMPA","SAB_OLD","SAB_NORTH","N115","N15","2020-08-22T17:55:00",NA,"VR2AR",545784,"A69-1601-60248","Y","2021-08-10T11:12:00",2020,"A - Mud"," 46.2159)",127.1
53,"SABMPA","SAB_OLD","SAB_NORTH","N114","N14","2020-08-22T18:05:00",NA,"VR2AR",545773,"A69-1601-60237","Y","2021-08-10T11:01:00",2020,"A - Mud"," 46.2117)",124.8
54,"SABMPA","SAB_OLD","SAB_NORTH","N1","N1","2015-05-11T00:00:00",NA,"VR2AR",545784,"A69-1601-60248","Y","2016-04-17T18:12:00",2015,"C - Till >50% cobbles/gravel"," 46.17733)",77.9
55,"SABMPA","SAB_OLD","SAB_NORTH","N2","N2","2015-05-11T00:00:00",NA,"VR2AR",545783,"A69-1601-60247","Y","2016-04-17T18:05:00",2015,"C - Till >50% cobbles/gravel"," 46.18117)",75.6
56,"SABMPA","SAB_OLD","SAB_NORTH","N3","N3","2015-05-11T00:00:00",NA,"VR2AR",545782,"A69-1601-60246","Y","2016-04-17T17:53:00",2015,"C - Till >50% cobbles/gravel"," 46.185)",80.5
57,"SABMPA","SAB_OLD","SAB_NORTH","N4","N4","2015-05-11T00:00:00",NA,"VR2AR",545763,"A69-1601-60227","Y","2016-04-17T17:37:00",2015,"C - Till >50% cobbles/gravel"," 46.18883)",84
58,"SABMPA","SAB_OLD","SAB_NORTH","N5","N5","2015-05-11T00:00:00",NA,"VR2AR",545774,"A69-1601-60238","Y","2016-04-17T17:15:00",2015,"C - Till >50% cobbles/gravel"," 46.19267)",92.1
59,"SABMPA","SAB_OLD","SAB_NORTH","N6","N6","2015-05-11T00:00:00",NA,"VR2AR",545767,"A69-1601-60231","Y","2016-04-17T17:05:00",2015,"C - Till >50% cobbles/gravel"," 46.1965)",95.5
60,"SABMPA","SAB_OLD","SAB_NORTH","N7","N7","2015-05-11T00:00:00",NA,"VR2AR",545777,"A69-1601-60241","Y","2016-04-17T16:55:15",2015,"C - Till >50% cobbles/gravel"," 46.20033)",100.3
61,"SABMPA","SAB_OLD","SAB_NORTH","N8","N8","2015-05-11T00:00:00",NA,"VR2AR",545760,"A69-1601-60224","Y","2016-04-17T16:40:00",2015,"C - Till >50% cobbles/gravel"," 46.20417)",108.7
62,"SABMPA","SAB_OLD","SAB_NORTH","N9","N9","2015-05-11T00:00:00",NA,"VR2AR",545775,"A69-1601-60239","Y","2016-04-17T16:37:00",2015,"C - Till >50% cobbles/gravel"," 46.208)",115.9
63,"SABMPA","SAB_OLD","SAB_SOUTH","S14","S14","2016-04-17T09:59:00",NA,"VR2AR",546076,"A69-1601-60540","Y","2017-05-05T08:21:36",2016,"C - Till >50% cobbles/gravel"," 46.02165)",94.4
64,"SABMPA","SAB_OLD","SAB_SOUTH","S15","S15","2016-04-17T10:04:36",NA,"VR2AR",546087,"A69-1601-60551","Y","2017-05-05T08:32:34",2016,"C - Till >50% cobbles/gravel"," 46.021665)",88.5
65,"SABMPA","SAB_OLD","SAB_SOUTH","S16","S16","2016-04-17T10:09:40",NA,"VR2AR",546086,"A69-1601-60550","Y","2017-05-05T08:46:02",2016,"C - Till >50% cobbles/gravel"," 46.02184)",93.9
66,"SABMPA","SAB_OLD","SAB_SOUTH","S17","S17","2016-04-17T10:14:32",NA,"VR2AR",546081,"A69-1601-60545","Y","2017-05-05T08:59:38",2016,"C - Till >50% cobbles/gravel"," 46.021775)",105.4
67,"SABMPA","SAB_OLD","SAB_NORTH","N09","N9","2016-04-17T16:32:45",NA,"VR2AR",546075,"A69-1601-60539","Y","2017-05-05T15:39:56",2016,"C - Till >50% cobbles/gravel"," 46.2079083)",115.9
68,"SABMPA","SAB_OLD","SAB_NORTH","N08","N8","2016-04-17T16:42:12",NA,"VR2AR",545779,"A69-1601-60243","Y","2017-05-05T15:48:59",2016,"C - Till >50% cobbles/gravel"," 46.203695)",108.7
69,"SABMPA","SAB_OLD","SAB_NORTH","N07","N7","2016-04-17T16:50:15",NA,"VR2AR",545768,"A69-1601-60232","Y","2017-05-05T15:57:27",2016,"C - Till >50% cobbles/gravel"," 46.2003167)",100.3
70,"SABMPA","SAB_OLD","SAB_NORTH","N06","N6","2016-04-17T16:59:18",NA,"VR2AR",545780,"A69-1601-60244","Y","2017-05-05T16:08:28",2016,"C - Till >50% cobbles/gravel"," 46.19661)",95.5
71,"SABMPA","SAB_OLD","SAB_NORTH","N05","N5","2016-04-17T17:10:48",NA,"VR2AR",545775,"A69-1601-60239","Y","2017-05-05T16:16:42",2016,"C - Till >50% cobbles/gravel"," 46.1924583)",92.1
72,"SABMPA","SAB_OLD","SAB_NORTH","N04","N4","2016-04-17T17:32:51",NA,"VR2AR",545772,"A69-1601-60236","Y","2017-05-05T16:24:56",2016,"C - Till >50% cobbles/gravel"," 46.18923)",84
73,"SABMPA","SAB_OLD","SAB_NORTH","N03","N3","2016-04-17T17:48:04",NA,"VR2AR",545760,"A69-1601-60224","Y","2017-05-05T16:34:27",2016,"C - Till >50% cobbles/gravel"," 46.1840083)",80.5
74,"SABMPA","SAB_OLD","SAB_NORTH","N02","N2","2016-04-17T18:01:04",NA,"VR2AR",545777,"A69-1601-60241","Y","2017-05-05T16:42:42",2016,"C - Till >50% cobbles/gravel"," 46.1812317)",75.6
75,"SABMPA","SAB_OLD","SAB_NORTH","N01","N1","2016-04-17T18:10:00",NA,"VR2AR",545767,"A69-1601-60231","Y","2017-05-05T16:52:00",2016,"C - Till >50% cobbles/gravel"," 46.17732)",77.9
76,"SABMPA","SAB_OLD","SAB_NORTH","N15","N15","2016-04-17T18:19:50",NA,"VR2AR",545774,"A69-1601-60238","Y","2017-05-05T17:00:52",2016,"C - Till >50% cobbles/gravel"," 46.1734283)",81.2
77,"SABMPA","SAB_OLD","SAB_SOUTH","S14","S14","2017-05-05T08:21:36",NA,"VR2AR",545714,"A69-1601-60178","Y","2018-06-10T07:50:24",2017,"C - Till >50% cobbles/gravel"," 46.0217467)",94.4
78,"SABMPA","SAB_OLD","SAB_SOUTH","S15","S15","2017-05-05T08:32:34",NA,"VR2AR",545575,"A69-1601-60039","Y","2018-06-10T07:57:51",2017,"C - Till >50% cobbles/gravel"," 46.0212983)",88.5
79,"SABMPA","SAB_OLD","SAB_SOUTH","S16","S16","2017-05-05T08:46:02",NA,"VR2AR",545577,"A69-1601-60041","Y","2018-06-10T08:17:11",2017,"C - Till >50% cobbles/gravel"," 46.0214783)",93.9
80,"SABMPA","SAB_OLD","SAB_SOUTH","S17","S17","2017-05-05T08:59:38",NA,"VR2AR",545571,"A69-1601-60035","Y","2018-06-10T08:26:02",2017,"C - Till >50% cobbles/gravel"," 46.0214883)",105.4
81,"SABMPA","SAB_OLD","SAB_NORTH","N9","N9","2017-05-05T15:39:56",NA,"VR2AR",546080,"A69-1601-60544","Y","2018-06-10T14:46:45",2017,"C - Till >50% cobbles/gravel"," 46.207945)",115.9
82,"SABMPA","SAB_OLD","SAB_NORTH","N8","N8","2017-05-05T15:48:59",NA,"VR2AR",546082,"A69-1601-60546","Y","2018-06-10T14:55:18",2017,"C - Till >50% cobbles/gravel"," 46.20403)",108.7
83,"SABMPA","SAB_OLD","SAB_NORTH","N7","N7","2017-05-05T15:57:27",NA,"VR2AR",546071,"A69-1601-60535","Y","2018-06-10T15:03:29",2017,"C - Till >50% cobbles/gravel"," 46.2003583)",100.3
84,"SABMPA","SAB_OLD","SAB_NORTH","N6","N6","2017-05-05T16:08:28",NA,"VR2AR",546084,"A69-1601-60548","Y","2018-06-10T15:11:15",2017,"C - Till >50% cobbles/gravel"," 46.19662)",95.5
85,"SABMPA","SAB_OLD","SAB_NORTH","N5","N5","2017-05-05T16:16:42",NA,"VR2AR",546075,"A69-1601-60539","Y","2018-06-10T15:22:17",2017,"C - Till >50% cobbles/gravel"," 46.1925033)",92.1
86,"SABMPA","SAB_OLD","SAB_NORTH","N4","N4","2017-05-05T16:24:56",NA,"VR2AR",545779,"A69-1601-60243","Y","2018-06-10T15:30:00",2017,"C - Till >50% cobbles/gravel"," 46.1890517)",84
87,"SABMPA","SAB_OLD","SAB_NORTH","N3","N3","2017-05-05T16:34:27",NA,"VR2AR",545768,"A69-1601-60232","Y","2018-06-10T15:40:10",2017,"C - Till >50% cobbles/gravel"," 46.1838233)",80.5
88,"SABMPA","SAB_OLD","SAB_NORTH","N2","N2","2017-05-05T16:42:42",NA,"VR2AR",545780,"A69-1601-60244","Y","2018-06-10T15:48:37",2017,"C - Till >50% cobbles/gravel"," 46.1814467)",75.6
89,"SABMPA","SAB_OLD","SAB_NORTH","N1","N1","2017-05-05T16:52:00",NA,"VR2AR",545775,"A69-1601-60239","Y","2018-06-10T15:58:09",2017,"C - Till >50% cobbles/gravel"," 46.1773633)",77.9
90,"SABMPA","SAB_OLD","SAB_NORTH","N15","N15","2017-05-05T17:00:52",NA,"VR2AR",545772,"A69-1601-60236","Y","2018-06-10T16:07:00",2017,"C - Till >50% cobbles/gravel"," 46.1734883)",81.2
91,"SABMPA","SAB_OLD","SAB_SOUTH","S101","S1","2018-06-10T07:50:24",NA,"VR2AR",547101,"A69-1601-61565","Y","2019-08-07T08:30:00",2018,"C - Till >50% cobbles/gravel"," 46.02183)",94.4
92,"SABMPA","SAB_OLD","SAB_SOUTH","S102","S2","2018-06-10T07:57:51",NA,"VR2AR",547103,"A69-1601-61567","Y","2019-08-07T08:46:00",2018,"C - Till >50% cobbles/gravel"," 46.02143)",88.5
93,"SABMPA","SAB_OLD","SAB_SOUTH","S103","S3","2018-06-10T08:17:11",NA,"VR2AR",545714,"A69-1601-60178","Y","2019-08-07T08:58:00",2018,"C - Till >50% cobbles/gravel"," 46.02125)",93.9
94,"SABMPA","SAB_OLD","SAB_SOUTH","S104","S4","2018-06-10T08:26:02",NA,"VR2AR",547102,"A69-1601-61566","Y","2019-08-07T09:08:00",2018,"C - Till >50% cobbles/gravel"," 46.02141)",105.4
95,"SABMPA","SAB_OLD","SAB_NORTH","N113","N13","2018-06-10T14:46:45",NA,"VR2AR",546079,"A69-1601-60543","Y","2019-08-07T15:15:00",2018,"C - Till >50% cobbles/gravel"," 46.20791)",115.9
96,"SABMPA","SAB_OLD","SAB_NORTH","N112","N12","2018-06-10T14:55:18",NA,"VR2AR",546089,"A69-1601-60553","Y","2019-08-07T15:23:00",2018,"C - Till >50% cobbles/gravel"," 46.20397)",108.7
97,"SABMPA","SAB_OLD","SAB_NORTH","N111","N11","2018-06-10T15:03:29",NA,"VR2AR",546083,"A69-1601-60547","Y","2019-08-07T15:31:00",2018,"C - Till >50% cobbles/gravel"," 46.20018)",100.3
98,"SABMPA","SAB_OLD","SAB_NORTH","N110","N10","2018-06-10T15:11:15",NA,"VR2AR",546080,"A69-1601-60544","Y","2019-08-07T15:38:00",2018,"C - Till >50% cobbles/gravel"," 46.19661)",95.5
99,"SABMPA","SAB_OLD","SAB_NORTH","N109","N9","2018-06-10T15:22:17",NA,"VR2AR",546082,"A69-1601-60546","Y","2019-08-07T15:46:00",2018,"C - Till >50% cobbles/gravel"," 46.1926)",92.1
100,"SABMPA","SAB_OLD","SAB_NORTH","N108","N8","2018-06-10T15:30:00",NA,"VR2AR",546071,"A69-1601-60535","Y","2019-08-07T15:55:00",2018,"C - Till >50% cobbles/gravel"," 46.18883)",84
101,"SABMPA","SAB_OLD","SAB_NORTH","N107","N7","2018-06-10T15:40:10",NA,"VR2AR",546084,"A69-1601-60548","Y","2019-08-07T16:04:00",2018,"C - Till >50% cobbles/gravel"," 46.18363)",80.5
102,"SABMPA","SAB_OLD","SAB_NORTH","N106","N6","2018-06-10T15:48:37",NA,"VR2AR",546075,"A69-1601-60539","Y","2019-08-07T16:12:00",2018,"C - Till >50% cobbles/gravel"," 46.18099)",75.6
103,"SABMPA","SAB_OLD","SAB_NORTH","N105","N5","2018-06-10T15:58:09",NA,"VR2AR",545779,"A69-1601-60243","Y","2019-08-07T16:22:00",2018,"C - Till >50% cobbles/gravel"," 46.17711)",77.9
104,"SABMPA","SAB_OLD","SAB_NORTH","N104","N4","2018-06-10T16:07:00",NA,"VR2AR",545768,"A69-1601-60232","Y","2019-08-07T16:34:00",2018,"C - Till >50% cobbles/gravel"," 46.17312)",81.2
105,"SABMPA","SAB_OLD","SAB_SOUTH","S102","S2","2019-08-07T08:38:00",NA,"VR2AR",546355,"A69-1601-60819","Y","2020-08-22T09:46:00",2019,"C - Till >50% cobbles/gravel"," 46.02146)",88.5
106,"SABMPA","SAB_OLD","SAB_SOUTH","S103","S3","2019-08-07T08:51:00",NA,"VR2AR",547101,"A69-1601-61565","Y","2020-08-22T10:20:00",2019,"C - Till >50% cobbles/gravel"," 46.02145)",93.9
107,"SABMPA","SAB_OLD","SAB_SOUTH","S104","S4","2019-08-07T09:05:00",NA,"VR2AR",547103,"A69-1601-61567","Y","2020-08-22T10:31:00",2019,"C - Till >50% cobbles/gravel"," 46.0213)",105.4
108,"SABMPA","SAB_OLD","SAB_NORTH","N113","N13","2019-08-07T15:13:00",NA,"VR2AR",546072,"A69-1601-60536","Y","2020-08-22T18:13:00",2019,"C - Till >50% cobbles/gravel"," 46.20802)",115.9
109,"SABMPA","SAB_OLD","SAB_NORTH","N112","N12","2019-08-07T15:23:00",NA,"VR2AR",546078,"A69-1601-60542","Y","2020-08-22T18:21:00",2019,"C - Till >50% cobbles/gravel"," 46.20418)",108.7
110,"SABMPA","SAB_OLD","SAB_NORTH","N111","N11","2019-08-07T15:29:00",NA,"VR2AR",546079,"A69-1601-60543","Y","2020-08-22T18:31:00",2019,"C - Till >50% cobbles/gravel"," 46.20022)",100.3
111,"SABMPA","SAB_OLD","SAB_NORTH","N110","N10","2019-08-07T15:36:00",NA,"VR2AR",546089,"A69-1601-60553","Y","2020-08-22T18:40:00",2019,"C - Till >50% cobbles/gravel"," 46.19659)",95.5
112,"SABMPA","SAB_OLD","SAB_NORTH","N109","N9","2019-08-07T15:45:00",NA,"VR2AR",546083,"A69-1601-60547","Y","2020-08-22T18:55:00",2019,"C - Till >50% cobbles/gravel"," 46.19253)",92.1
113,"SABMPA","SAB_OLD","SAB_NORTH","N108","N8","2019-08-07T15:54:00",NA,"VR2AR",546080,"A69-1601-60544","Y","2020-08-22T19:04:00",2019,"C - Till >50% cobbles/gravel"," 46.18898)",84
114,"SABMPA","SAB_OLD","SAB_NORTH","N107","N7","2019-08-07T16:02:00",NA,"VR2AR",546082,"A69-1601-60546","Y","2020-08-22T19:15:00",2019,"C - Till >50% cobbles/gravel"," 46.18385)",80.5
115,"SABMPA","SAB_OLD","SAB_NORTH","N106","N6","2019-08-07T16:10:00",NA,"VR2AR",546071,"A69-1601-60535","Y","2020-08-22T19:24:00",2019,"C - Till >50% cobbles/gravel"," 46.18124)",75.6
116,"SABMPA","SAB_OLD","SAB_NORTH","N105","N5","2019-08-07T16:21:00",NA,"VR2AR",546084,"A69-1601-60548","Y","2020-08-22T19:36:00",2019,"C - Till >50% cobbles/gravel"," 46.17721)",77.9
117,"SABMPA","SAB_OLD","SAB_NORTH","N104","N4","2019-08-07T16:32:00",NA,"VR2AR",546075,"A69-1601-60539","Y","2020-08-22T19:49:00",2019,"C - Till >50% cobbles/gravel"," 46.17335)",81.2
118,"SABMPA","SAB_OLD","SAB_SOUTH","S102","S2","2020-08-22T09:50:00",NA,"VR2AR",549709,"A69-1601-60278","Y","2021-08-10T16:40:00",2020,"C - Till >50% cobbles/gravel"," 46.02146)",88.5
119,"SABMPA","SAB_OLD","SAB_SOUTH","S101","S1","2020-08-22T10:07:00",NA,"VR2AR",549710,"A69-1601-60279","Y","2021-08-10T16:49:00",2020,"C - Till >50% cobbles/gravel"," 46.02117)",94.4
120,"SABMPA","SAB_OLD","SAB_SOUTH","S103","S3","2020-08-22T10:22:00",NA,"VR2AR",549708,"A69-1601-60277","Y","2021-08-10T16:58:00",2020,"C - Till >50% cobbles/gravel"," 46.02145)",93.9
121,"SABMPA","SAB_OLD","SAB_SOUTH","S104","S4","2020-08-22T10:33:00",NA,"VR2AR",546355,"A69-1601-60819","Y","2021-08-10T17:07:00",2020,"C - Till >50% cobbles/gravel"," 46.0213)",105.4
122,"SABMPA","SAB_OLD","SAB_NORTH","N113","N13","2020-08-22T18:15:00",NA,"VR2AR",546074,"A69-1601-60538","Y","2021-08-10T10:50:00",2020,"C - Till >50% cobbles/gravel"," 46.20802)",115.9
123,"SABMPA","SAB_OLD","SAB_NORTH","N112","N12","2020-08-22T18:22:00",NA,"VR2AR",545778,"A69-1601-60242","Y","2021-08-10T10:39:00",2020,"C - Till >50% cobbles/gravel"," 46.20418)",108.7
124,"SABMPA","SAB_OLD","SAB_NORTH","N111","N11","2020-08-22T18:31:00",NA,"VR2AR",546072,"A69-1601-60536","Y","2021-08-10T10:27:00",2020,"C - Till >50% cobbles/gravel"," 46.20022)",100.3
125,"SABMPA","SAB_OLD","SAB_NORTH","N110","N10","2020-08-22T18:40:00",NA,"VR2AR",546078,"A69-1601-60542","Y","2021-08-10T10:13:00",2020,"C - Till >50% cobbles/gravel"," 46.19659)",95.5
126,"SABMPA","SAB_OLD","SAB_NORTH","N109","N9","2020-08-22T18:57:00",NA,"VR2AR",546079,"A69-1601-60543","Y","2021-08-10T10:04:00",2020,"C - Till >50% cobbles/gravel"," 46.19253)",92.1
127,"SABMPA","SAB_OLD","SAB_NORTH","N108","N8","2020-08-22T19:06:00",NA,"VR2AR",546089,"A69-1601-60553","Y","2021-08-10T09:51:00",2020,"C - Till >50% cobbles/gravel"," 46.18898)",84
128,"SABMPA","SAB_OLD","SAB_NORTH","N107","N7","2020-08-22T19:15:00",NA,"VR2AR",546083,"A69-1601-60547","Y","2021-08-10T09:42:00",2020,"C - Till >50% cobbles/gravel"," 46.18385)",80.5
129,"SABMPA","SAB_OLD","SAB_NORTH","N106","N6","2020-08-22T19:25:00",NA,"VR2AR",546080,"A69-1601-60544","Y","2021-08-10T09:27:00",2020,"C - Till >50% cobbles/gravel"," 46.18124)",75.6
130,"SABMPA","SAB_OLD","SAB_NORTH","N105","N5","2020-08-22T19:36:00",NA,"VR2AR",546082,"A69-1601-60546","Y","2021-08-10T09:18:00",2020,"C - Till >50% cobbles/gravel"," 46.17721)",77.9
131,"SABMPA","SAB_OLD","SAB_NORTH","N104","N4","2020-08-22T19:50:00",NA,"VR2AR",546071,"A69-1601-60535","Y","2021-08-10T09:06:00",2020,"C - Till >50% cobbles/gravel"," 46.17335)",81.2
132,"SABMPA","SAB_NEW","SAB_NEW","2021_17","2021_17","2021-08-10T21:48:00",NA,"VR2AR",546076,"A69-1601-60540","Y","2022-08-06T14:08:00",2021,"C - Till >50% cobbles/gravel"," 45.98791)",87.7
133,"SABMPA","SAB_NEW","SAB_NEW","2021_16","2021_16","2021-08-10T21:53:00",NA,"VR2AR",546088,"A69-1601-60552","Y","2022-08-06T14:17:00",2021,"C - Till >50% cobbles/gravel"," 45.98807)",65.6
134,"SABMPA","SAB_NEW","SAB_NEW","2021_14","2021_14","2021-08-10T22:02:00",NA,"VR2AR",547101,"A69-1601-61565","Y","2022-08-06T14:50:00",2021,"C - Till >50% cobbles/gravel"," 45.988)",57.4
135,"SABMPA","SAB_NEW","SAB_NEW","2021_03","2021_03","2021-08-10T22:55:00",NA,"VR2AR",545713,"A69-1601-60177","Y","2022-08-06T17:38:00",2021,"C - Till >50% cobbles/gravel"," 45.98773)",78.1
136,"SABMPA","SAB_NEW","SAB_NEW","2021_01","2021_01","2021-08-10T23:04:00",NA,"VR2AR",545769,"A69-1601-60233","Y","2022-08-06T17:55:00",2021,"C - Till >50% cobbles/gravel"," 45.98766)",86.8
137,"SABMPA","SAB_NEW","SAB_NEW","2021_17","2021_17","2022-08-06T14:09:00",NA,"VR2AR",547102,"A69-1601-61566","Y","2023-08-16T15:01:00",2022,"C - Till >50% cobbles/gravel"," 45.98791)",87.7
138,"SABMPA","SAB_NEW","SAB_NEW","2021_16","2021_16","2022-08-06T14:19:00",NA,"VR2AR",545714,"A69-1601-60178","Y","2023-08-16T15:09:00",2022,"C - Till >50% cobbles/gravel"," 45.98807)",65.6
139,"SABMPA","SAB_NEW","SAB_NEW","2021_14","2021_14","2022-08-06T14:53:00",NA,"VR2AR",545570,"A69-1601-60034","Y","2023-08-16T15:24:00",2022,"C - Till >50% cobbles/gravel"," 45.988)",57.4
140,"SABMPA","SAB_NEW","SAB_NEW","2021_03","2021_03","2022-08-06T17:38:00",NA,"VR2AR",549710,"A69-1601-60279","Y","2023-08-16T17:16:00",2022,"C - Till >50% cobbles/gravel"," 45.98773)",78.1
141,"SABMPA","SAB_NEW","SAB_NEW","2021_01","2021_01","2022-08-06T17:56:00",NA,"VR2AR",545766,"A69-1601-60230","Y","2023-08-16T18:02:00",2022,"C - Till >50% cobbles/gravel"," 45.98766)",86.8
142,"SABMPA","SAB_NEW","SAB_NEW","2021_13","2021_13","2021-08-10T22:07:00",NA,"VR2AR",545575,"A69-1601-60039","Y","2022-08-06T15:28:00",2021,"D - Till with coraline algae"," 45.98797)",59.9
143,"SABMPA","SAB_NEW","SAB_NEW","2021_12","2021_12","2021-08-10T22:12:00",NA,"VR2AR",546355,"A69-1601-60819","Y","2022-08-06T15:47:00",2021,"D - Till with coraline algae"," 45.98796)",39.1
144,"SABMPA","SAB_NEW","SAB_NEW","2021_11","2021_11","2021-08-10T22:17:00",NA,"VR2AR",546086,"A69-1601-60550","Y","2022-08-06T16:00:00",2021,"D - Till with coraline algae"," 45.98792)",34.1
145,"SABMPA","SAB_NEW","SAB_NEW","2021_10","2021_10","2021-08-10T22:21:00",NA,"VR2AR",546087,"A69-1601-60551","Y","2022-08-06T16:10:00",2021,"D - Till with coraline algae"," 45.98789)",33.6
146,"SABMPA","SAB_NEW","SAB_NEW","2021_09","2021_09","2021-08-10T22:26:00",NA,"VR2AR",547103,"A69-1601-61567","Y","2022-08-06T16:18:00",2021,"D - Till with coraline algae"," 45.98785)",36.4
147,"SABMPA","SAB_NEW","SAB_NEW","2021_08","2021_08","2021-08-10T22:31:00",NA,"VR2AR",549709,"A69-1601-60278","Y","2022-08-06T16:39:00",2021,"D - Till with coraline algae"," 45.98788)",45.2
148,"SABMPA","SAB_NEW","SAB_NEW","2021_06","2021_06","2021-08-10T22:41:00",NA,"VR2AR",549710,"A69-1601-60279","Y","2022-08-06T17:09:00",2021,"D - Till with coraline algae"," 45.98781)",65.5
149,"SABMPA","SAB_NEW","SAB_NEW","2021_05","2021_05","2021-08-10T22:45:00",NA,"VR2AR",545762,"A69-1601-60226","Y","2022-08-06T17:17:00",2021,"D - Till with coraline algae"," 45.98778)",74.5
150,"SABMPA","SAB_NEW","SAB_NEW","2021_13","2021_13","2022-08-06T15:32:00",NA,"VR2AR",546076,"A69-1601-60540","Y","2023-08-16T15:36:00",2022,"D - Till with coraline algae"," 45.98797)",59.9
151,"SABMPA","SAB_NEW","SAB_NEW","2021_12","2021_12","2022-08-06T15:49:00",NA,"VR2AR",546088,"A69-1601-60552","Y","2023-08-16T15:45:00",2022,"D - Till with coraline algae"," 45.98796)",39.1
152,"SABMPA","SAB_NEW","SAB_NEW","2021_11","2021_11","2022-08-06T16:01:00",NA,"VR2AR",547101,"A69-1601-61565","Y","2023-08-16T15:57:00",2022,"D - Till with coraline algae"," 45.98792)",34.1
153,"SABMPA","SAB_NEW","SAB_NEW","2021_10","2021_10","2022-08-06T16:10:00",NA,"VR2AR",545575,"A69-1601-60039","Y","2023-08-16T16:13:00",2022,"D - Till with coraline algae"," 45.98789)",33.6
154,"SABMPA","SAB_NEW","SAB_NEW","2021_09","2021_09","2022-08-06T16:19:00",NA,"VR2AR",546355,"A69-1601-60819","Y","2023-08-16T16:22:00",2022,"D - Till with coraline algae"," 45.98785)",36.4
155,"SABMPA","SAB_NEW","SAB_NEW","2021_08","2021_08","2022-08-06T16:39:00",NA,"VR2AR",546086,"A69-1601-60550","Y","2023-08-16T16:33:00",2022,"D - Till with coraline algae"," 45.98788)",45.2
156,"SABMPA","SAB_NEW","SAB_NEW","2021_06","2021_06","2022-08-06T17:09:00",NA,"VR2AR",546087,"A69-1601-60551","Y","2023-08-16T16:47:00",2022,"D - Till with coraline algae"," 45.98781)",65.5
157,"SABMPA","SAB_NEW","SAB_NEW","2021_05","2021_05","2022-08-06T17:18:00",NA,"VR2AR",547103,"A69-1601-61567","Y","2023-08-16T16:57:00",2022,"D - Till with coraline algae"," 45.98778)",74.5
158,"SABMPA","SAB_OLD","SAB_SOUTH","S1","S1","2015-05-11T00:00:00",NA,"VR2AR",545764,"A69-1601-60228","Y","2016-04-17T10:30:00",2015,"A - Mud"," 46.02183)",113.2
159,"SABMPA","SAB_OLD","SAB_SOUTH","S10","S10","2015-05-11T00:00:00",NA,"VR2AR",545765,"A69-1601-60229","Y","2016-04-17T12:25:00",2015,"A - Mud"," 46.02183)",139.6
160,"SABMPA","SAB_OLD","SAB_SOUTH","S11","S11","2015-05-11T00:00:00",NA,"VR2AR",545778,"A69-1601-60242","Y","2016-04-17T12:36:00",2015,"A - Mud"," 46.02183)",146.3
161,"SABMPA","SAB_OLD","SAB_SOUTH","S12","S12","2015-05-11T00:00:00",NA,"VR2AR",545776,"A69-1601-60240","Y","2016-04-17T12:47:00",2015,"A - Mud"," 46.02183)",150.8
162,"SABMPA","SAB_OLD","SAB_SOUTH","S13","S13","2015-05-11T00:00:00",NA,"VR2AR",545773,"A69-1601-60237","Y","2016-04-17T13:02:00",2015,"A - Mud"," 46.02183)",147.9
163,"SABMPA","SAB_OLD","SAB_SOUTH","S2","S2","2015-05-11T00:00:00",NA,"VR2AR",545770,"A69-1601-60234","Y","2016-04-17T10:52:00",2015,"A - Mud"," 46.02183)",117.5
164,"SABMPA","SAB_OLD","SAB_SOUTH","S3","S3","2015-05-11T00:00:00",NA,"VR2AR",545781,"A69-1601-60245","Y","2016-04-17T11:05:00",2015,"A - Mud"," 46.02183)",119.2
165,"SABMPA","SAB_OLD","SAB_SOUTH","S4","S4","2015-05-11T00:00:00",NA,"VR2AR",545762,"A69-1601-60226","Y","2016-04-17T11:10:00",2015,"A - Mud"," 46.02183)",120.1
166,"SABMPA","SAB_OLD","SAB_SOUTH","S5","S5","2015-05-11T00:00:00",NA,"VR2AR",545761,"A69-1601-60225","Y","2016-04-17T11:15:00",2015,"A - Mud"," 46.02183)",137.2
167,"SABMPA","SAB_OLD","SAB_SOUTH","S6","S6","2015-05-11T00:00:00",NA,"VR2AR",545713,"A69-1601-60177","Y","2016-04-17T11:30:00",2015,"A - Mud"," 46.02183)",148.9
168,"SABMPA","SAB_OLD","SAB_SOUTH","S7","S7","2015-05-11T00:00:00",NA,"VR2AR",545769,"A69-1601-60233","Y","2016-04-17T11:52:00",2015,"A - Mud"," 46.02183)",148.9
169,"SABMPA","SAB_OLD","SAB_SOUTH","S8","S8","2015-05-11T00:00:00",NA,"VR2AR",545766,"A69-1601-60230","Y","2016-04-17T12:04:00",2015,"A - Mud"," 46.02183)",157.3
170,"SABMPA","SAB_OLD","SAB_SOUTH","S9","S9","2015-05-11T00:00:00",NA,"VR2AR",545771,"A69-1601-60235","Y","2016-04-17T12:15:00",2015,"A - Mud"," 46.02183)",134
171,"SABMPA","SAB_OLD","SAB_SOUTH","S18","S18","2016-04-17T10:19:52",NA,"VR2AR",546088,"A69-1601-60552","Y","2017-05-05T09:11:08",2016,"A - Mud"," 46.021835)",109.3
172,"SABMPA","SAB_OLD","SAB_SOUTH","S01","S1","2016-04-17T10:25:07",NA,"VR2AR",546085,"A69-1601-60549","Y","2017-05-05T09:24:15",2016,"A - Mud"," 46.0217533)",113.2
173,"SABMPA","SAB_OLD","SAB_SOUTH","S02","S2","2016-04-17T10:47:46",NA,"VR2AR",546090,"A69-1601-60554","Y","2017-05-05T09:38:17",2016,"A - Mud"," 46.0217517)",117.5
174,"SABMPA","SAB_OLD","SAB_SOUTH","S03","S3","2016-04-17T11:00:03",NA,"VR2AR",546077,"A69-1601-60541","Y","2017-05-05T09:49:32",2016,"A - Mud"," 46.0218417)",119.2
175,"SABMPA","SAB_OLD","SAB_SOUTH","S04","S4","2016-04-17T11:05:45",NA,"VR2AR",546073,"A69-1601-60537","Y","2017-05-05T10:02:07",2016,"A - Mud"," 46.0221667)",119.6
176,"SABMPA","SAB_OLD","SAB_SOUTH","S05","S5","2016-04-17T11:17:36",NA,"VR2AR",545764,"A69-1601-60228","Y","2017-05-05T10:12:10",2016,"A - Mud"," 46.0219883)",137.2
177,"SABMPA","SAB_OLD","SAB_SOUTH","S06","S6","2016-04-17T11:29:19",NA,"VR2AR",545770,"A69-1601-60234","Y","2017-05-05T10:21:33",2016,"A - Mud"," 46.0217067)",148.9
178,"SABMPA","SAB_OLD","SAB_SOUTH","S07","S7","2016-04-17T11:47:42",NA,"VR2AR",545781,"A69-1601-60245","Y","2017-05-05T10:32:23",2016,"A - Mud"," 46.02181)",148.9
179,"SABMPA","SAB_OLD","SAB_SOUTH","S08","S8","2016-04-17T11:59:56",NA,"VR2AR",545762,"A69-1601-60226","Y","2017-05-05T10:41:39",2016,"A - Mud"," 46.0218767)",157.3
180,"SABMPA","SAB_OLD","SAB_SOUTH","S09","S9","2016-04-17T12:11:01",NA,"VR2AR",545761,"A69-1601-60225","Y","2017-05-05T10:50:29",2016,"A - Mud"," 46.0221683)",134
181,"SABMPA","SAB_OLD","SAB_SOUTH","S10","S10","2016-04-17T12:21:47",NA,"VR2AR",545713,"A69-1601-60177","Y","2017-05-05T11:00:44",2016,"A - Mud"," 46.021515)",139.6
182,"SABMPA","SAB_OLD","SAB_SOUTH","S11","S11","2016-04-17T12:31:24",NA,"VR2AR",545769,"A69-1601-60233","Y","2017-05-05T11:10:08",2016,"A - Mud"," 46.0229433)",146.3
183,"SABMPA","SAB_OLD","SAB_SOUTH","S12","S12","2016-04-17T12:43:27",NA,"VR2AR",545766,"A69-1601-60230","Y","2017-05-05T11:19:30",2016,"A - Mud"," 46.0222267)",150.8
184,"SABMPA","SAB_OLD","SAB_SOUTH","S13","S13","2016-04-17T12:58:50",NA,"VR2AR",545771,"A69-1601-60235","Y","2017-05-05T11:28:53",2016,"A - Mud"," 46.0219567)",147.9
185,"SABMPA","SAB_OLD","SAB_SOUTH","S19","S19","2016-04-17T13:11:19",NA,"VR2AR",545765,"A69-1601-60229","Y","2017-05-05T11:38:36",2016,"A - Mud"," 46.0217517)",116.5
186,"SABMPA","SAB_OLD","SAB_SOUTH","S22","S22","2016-04-17T13:34:51",NA,"VR2AR",546074,"A69-1601-60538","Y","2017-05-05T12:10:19",2016,"A - Mud"," 46.0220217)",132.4
187,"SABMPA","SAB_OLD","SAB_SOUTH","S23","S23","2016-04-17T13:40:16",NA,"VR2AR",545778,"A69-1601-60242","Y","2017-05-05T12:18:36",2016,"A - Mud"," 46.0220817)",140.1
188,"SABMPA","SAB_OLD","SAB_SOUTH","S18","S18","2017-05-05T09:11:08",NA,"VR2AR",546076,"A69-1601-60540","Y","2018-06-10T08:37:48",2017,"A - Mud"," 46.0210717)",109.3
189,"SABMPA","SAB_OLD","SAB_SOUTH","S1","S1","2017-05-05T09:24:15",NA,"VR2AR",545570,"A69-1601-60034","Y","2018-06-10T08:49:56",2017,"A - Mud"," 46.0217633)",113.2
190,"SABMPA","SAB_OLD","SAB_SOUTH","S2","S2","2017-05-05T09:38:17",NA,"VR2AR",546087,"A69-1601-60551","Y","2018-06-10T08:59:22",2017,"A - Mud"," 46.0215817)",117.5
191,"SABMPA","SAB_OLD","SAB_SOUTH","S3","S3","2017-05-05T09:49:32",NA,"VR2AR",546086,"A69-1601-60550","Y","2018-06-10T09:12:20",2017,"A - Mud"," 46.0219467)",119.2
192,"SABMPA","SAB_OLD","SAB_SOUTH","S4","S4","2017-05-05T10:02:07",NA,"VR2AR",546081,"A69-1601-60545","Y","2018-06-10T09:20:57",2017,"A - Mud"," 46.0217433)",120.1
193,"SABMPA","SAB_OLD","SAB_SOUTH","S5","S5","2017-05-05T10:12:10",NA,"VR2AR",546088,"A69-1601-60552","Y","2018-06-10T09:30:05",2017,"A - Mud"," 46.0218)",137.2
194,"SABMPA","SAB_OLD","SAB_SOUTH","S6","S6","2017-05-05T10:21:33",NA,"VR2AR",546090,"A69-1601-60554","Y","2018-06-10T09:38:55",2017,"A - Mud"," 46.021765)",148.9
195,"SABMPA","SAB_OLD","SAB_SOUTH","S7","S7","2017-05-05T10:32:23",NA,"VR2AR",546077,"A69-1601-60541","Y","2018-06-10T09:48:45",2017,"A - Mud"," 46.0217517)",148.9
196,"SABMPA","SAB_OLD","SAB_SOUTH","S8","S8","2017-05-05T10:41:39",NA,"VR2AR",546073,"A69-1601-60537","Y","2018-06-10T09:57:27",2017,"A - Mud"," 46.0218517)",157.3
197,"SABMPA","SAB_OLD","SAB_SOUTH","S9","S9","2017-05-05T10:50:29",NA,"VR2AR",545764,"A69-1601-60228","Y","2018-06-10T10:06:28",2017,"A - Mud"," 46.0218583)",134
198,"SABMPA","SAB_OLD","SAB_SOUTH","S10","S10","2017-05-05T11:00:44",NA,"VR2AR",546085,"A69-1601-60549","Y","2018-06-10T10:15:09",2017,"A - Mud"," 46.02195)",139.6
199,"SABMPA","SAB_OLD","SAB_SOUTH","S11","S11","2017-05-05T11:10:08",NA,"VR2AR",545770,"A69-1601-60234","Y","2018-06-10T10:23:50",2017,"A - Mud"," 46.021975)",146.3
200,"SABMPA","SAB_OLD","SAB_SOUTH","S12","S12","2017-05-05T11:19:30",NA,"VR2AR",545781,"A69-1601-60245","Y","2018-06-10T10:33:46",2017,"A - Mud"," 46.02181)",150.8
201,"SABMPA","SAB_OLD","SAB_SOUTH","S13","S13","2017-05-05T11:28:53",NA,"VR2AR",545762,"A69-1601-60226","Y","2018-06-10T10:42:29",2017,"A - Mud"," 46.0216867)",147.9
202,"SABMPA","SAB_OLD","SAB_SOUTH","S19","S19","2017-05-05T11:38:36",NA,"VR2AR",545761,"A69-1601-60225","Y","2018-06-10T10:51:26",2017,"A - Mud"," 46.02147)",116.5
203,"SABMPA","SAB_OLD","SAB_SOUTH","S22","S22","2017-05-05T12:10:19",NA,"VR2AR",545766,"A69-1601-60230","Y","2018-06-10T11:17:23",2017,"A - Mud"," 46.0218483)",132.4
204,"SABMPA","SAB_OLD","SAB_SOUTH","S23","S23","2017-05-05T12:18:36",NA,"VR2AR",545771,"A69-1601-60235","Y","2018-06-10T11:25:52",2017,"A - Mud"," 46.0217517)",140.1
205,"SABMPA","SAB_OLD","SAB_SOUTH","S105","S5","2018-06-10T08:37:48",NA,"VR2AR",545575,"A69-1601-60039","Y","2019-08-07T09:18:00",2018,"A - Mud"," 46.02091)",109.3
206,"SABMPA","SAB_OLD","SAB_SOUTH","S106","S6","2018-06-10T08:49:56",NA,"VR2AR",545577,"A69-1601-60041","Y","2019-08-07T09:28:00",2018,"A - Mud"," 46.02219)",113.2
207,"SABMPA","SAB_OLD","SAB_SOUTH","S107","S7","2018-06-10T08:59:22",NA,"VR2AR",545571,"A69-1601-60035","Y","2019-08-07T09:37:00",2018,"A - Mud"," 46.02177)",117.5
208,"SABMPA","SAB_OLD","SAB_SOUTH","S108","S8","2018-06-10T09:12:20",NA,"VR2AR",546076,"A69-1601-60540","Y","2019-08-07T09:45:00",2018,"A - Mud"," 46.02186)",119.2
209,"SABMPA","SAB_OLD","SAB_SOUTH","S109","S9","2018-06-10T09:20:57",NA,"VR2AR",545570,"A69-1601-60034","Y","2019-08-07T09:55:00",2018,"A - Mud"," 46.02182)",120.1
210,"SABMPA","SAB_OLD","SAB_SOUTH","S110","S10","2018-06-10T09:30:05",NA,"VR2AR",546087,"A69-1601-60551","Y","2019-08-07T10:07:00",2018,"A - Mud"," 46.02162)",137.2
211,"SABMPA","SAB_OLD","SAB_SOUTH","S111","S11","2018-06-10T09:38:55",NA,"VR2AR",546086,"A69-1601-60550","Y","2019-08-07T10:17:00",2018,"A - Mud"," 46.02176)",148.9
212,"SABMPA","SAB_OLD","SAB_SOUTH","S112","S12","2018-06-10T09:48:45",NA,"VR2AR",546081,"A69-1601-60545","Y","2019-08-07T10:24:00",2018,"A - Mud"," 46.02178)",148.9
213,"SABMPA","SAB_OLD","SAB_SOUTH","S113","S13","2018-06-10T09:57:27",NA,"VR2AR",546088,"A69-1601-60552","Y","2019-08-07T10:33:00",2018,"A - Mud"," 46.02188)",157.3
214,"SABMPA","SAB_OLD","SAB_SOUTH","S114","S14","2018-06-10T10:06:28",NA,"VR2AR",546090,"A69-1601-60554","Y","2019-08-07T10:41:00",2018,"A - Mud"," 46.02174)",134
215,"SABMPA","SAB_OLD","SAB_SOUTH","S115","S15","2018-06-10T10:15:09",NA,"VR2AR",546077,"A69-1601-60541","Y","2019-08-07T10:49:00",2018,"A - Mud"," 46.02187)",139.6
216,"SABMPA","SAB_OLD","SAB_SOUTH","S116","S16","2018-06-10T10:23:50",NA,"VR2AR",546073,"A69-1601-60537","Y","2019-08-07T10:58:00",2018,"A - Mud"," 46.02196)",146.3
217,"SABMPA","SAB_OLD","SAB_SOUTH","S117","S17","2018-06-10T10:33:46",NA,"VR2AR",545764,"A69-1601-60228","Y","2019-08-07T11:06:00",2018,"A - Mud"," 46.0218)",150.8
218,"SABMPA","SAB_OLD","SAB_SOUTH","S118","S18","2018-06-10T10:42:29",NA,"VR2AR",546085,"A69-1601-60549","Y","2019-08-07T11:15:00",2018,"A - Mud"," 46.02168)",147.9
219,"SABMPA","SAB_OLD","SAB_SOUTH","S119","S19","2018-06-10T10:51:26",NA,"VR2AR",545770,"A69-1601-60234","Y","2019-08-07T11:23:00",2018,"A - Mud"," 46.02167)",116.5
220,"SABMPA","SAB_OLD","SAB_SOUTH","S122","S22","2018-06-10T11:17:23",NA,"VR2AR",545761,"A69-1601-60225","Y","2019-08-07T11:48:00",2018,"A - Mud"," 46.02174)",132.4
221,"SABMPA","SAB_OLD","SAB_SOUTH","S123","S23","2018-06-10T11:25:52",NA,"VR2AR",545713,"A69-1601-60177","Y","2019-08-07T11:58:00",2018,"A - Mud"," 46.02181)",140.1
222,"SABMPA","SAB_OLD","SAB_SOUTH","S105","S5","2019-08-07T09:14:00",NA,"VR2AR",545714,"A69-1601-60178","Y","2020-08-22T10:42:00",2019,"A - Mud"," 46.02084)",109.3
223,"SABMPA","SAB_OLD","SAB_SOUTH","S106","S6","2019-08-07T09:25:00",NA,"VR2AR",547102,"A69-1601-61566","Y","2020-08-22T10:52:00",2019,"A - Mud"," 46.02144)",113.2
224,"SABMPA","SAB_OLD","SAB_SOUTH","S107","S7","2019-08-07T09:34:00",NA,"VR2AR",545575,"A69-1601-60039","Y","2020-08-22T11:03:00",2019,"A - Mud"," 46.02138)",117.5
225,"SABMPA","SAB_OLD","SAB_SOUTH","S108","S8","2019-08-07T09:44:00",NA,"VR2AR",545577,"A69-1601-60041","Y","2020-08-22T11:13:00",2019,"A - Mud"," 46.02179)",119.2
226,"SABMPA","SAB_OLD","SAB_SOUTH","S109","S9","2019-08-07T09:52:00",NA,"VR2AR",545571,"A69-1601-60035","Y","2020-08-22T11:24:00",2019,"A - Mud"," 46.02184)",120.1
227,"SABMPA","SAB_OLD","SAB_SOUTH","S110","S10","2019-08-07T10:06:00",NA,"VR2AR",546076,"A69-1601-60540","Y","2020-08-22T11:33:00",2019,"A - Mud"," 46.02172)",137.2
228,"SABMPA","SAB_OLD","SAB_SOUTH","S111","S11","2019-08-07T10:15:00",NA,"VR2AR",545570,"A69-1601-60034","Y","2020-08-22T11:42:00",2019,"A - Mud"," 46.02175)",148.9
229,"SABMPA","SAB_OLD","SAB_SOUTH","S112","S12","2019-08-07T10:22:00",NA,"VR2AR",546087,"A69-1601-60551","Y","2020-08-22T11:52:00",2019,"A - Mud"," 46.02187)",148.9
230,"SABMPA","SAB_OLD","SAB_SOUTH","S113","S13","2019-08-07T10:31:00",NA,"VR2AR",546086,"A69-1601-60550","Y","2020-08-22T12:05:00",2019,"A - Mud"," 46.02172)",157.3
231,"SABMPA","SAB_OLD","SAB_SOUTH","S114","S14","2019-08-07T10:39:00",NA,"VR2AR",546081,"A69-1601-60545","Y","2020-08-22T12:14:00",2019,"A - Mud"," 46.02179)",134
232,"SABMPA","SAB_OLD","SAB_SOUTH","S115","S15","2019-08-07T10:47:00",NA,"VR2AR",546088,"A69-1601-60552","Y","2020-08-22T12:34:00",2019,"A - Mud"," 46.02154)",139.6
233,"SABMPA","SAB_OLD","SAB_SOUTH","S116","S16","2019-08-07T10:55:00",NA,"VR2AR",546090,"A69-1601-60554","Y","2020-08-22T12:44:00",2019,"A - Mud"," 46.02187)",146.3
234,"SABMPA","SAB_OLD","SAB_SOUTH","S118","S18","2019-08-07T11:13:00",NA,"VR2AR",546073,"A69-1601-60537","Y","2020-08-22T13:17:00",2019,"A - Mud"," 46.02175)",147.9
235,"SABMPA","SAB_OLD","SAB_SOUTH","S119","S19","2019-08-07T11:21:00",NA,"VR2AR",545764,"A69-1601-60228","Y","2020-08-22T13:36:00",2019,"A - Mud"," 46.02158)",116.5
236,"SABMPA","SAB_OLD","SAB_SOUTH","S122","S22","2019-08-07T11:46:00",NA,"VR2AR",545781,"A69-1601-60245","Y","2020-08-22T14:21:00",2019,"A - Mud"," 46.02172)",132.4
237,"SABMPA","SAB_OLD","SAB_SOUTH","S123","S23","2019-08-07T11:54:00",NA,"VR2AR",545762,"A69-1601-60226","Y","2020-08-22T14:30:00",2019,"A - Mud"," 46.02164)",140.1
238,"SABMPA","SAB_OLD","SAB_SOUTH","S105","S5","2020-08-22T10:45:00",NA,"VR2AR",547101,"A69-1601-61565","Y","2021-08-10T17:16:00",2020,"A - Mud"," 46.02084)",109.3
239,"SABMPA","SAB_OLD","SAB_SOUTH","S106","S6","2020-08-22T10:56:00",NA,"VR2AR",547103,"A69-1601-61567","Y","2021-08-10T17:26:00",2020,"A - Mud"," 46.02144)",113.2
240,"SABMPA","SAB_OLD","SAB_SOUTH","S107","S7","2020-08-22T11:05:00",NA,"VR2AR",545714,"A69-1601-60178","Y","2021-08-10T17:35:00",2020,"A - Mud"," 46.02138)",117.5
241,"SABMPA","SAB_OLD","SAB_SOUTH","S108","S8","2020-08-22T11:17:00",NA,"VR2AR",547102,"A69-1601-61566","Y","2021-08-10T17:44:00",2020,"A - Mud"," 46.02179)",119.2
242,"SABMPA","SAB_OLD","SAB_SOUTH","S109","S9","2020-08-22T11:27:00",NA,"VR2AR",545575,"A69-1601-60039","Y","2021-08-10T17:52:00",2020,"A - Mud"," 46.02184)",120.1
243,"SABMPA","SAB_OLD","SAB_SOUTH","S110","S10","2020-08-22T11:35:00",NA,"VR2AR",545577,"A69-1601-60041","Y","2021-08-10T18:03:00",2020,"A - Mud"," 46.02172)",137.2
244,"SABMPA","SAB_OLD","SAB_SOUTH","S111","S11","2020-08-22T11:45:00",NA,"VR2AR",545571,"A69-1601-60035","Y","2021-08-10T18:13:00",2020,"A - Mud"," 46.02175)",148.9
245,"SABMPA","SAB_OLD","SAB_SOUTH","S112","S12","2020-08-22T11:55:00",NA,"VR2AR",546076,"A69-1601-60540","Y","2021-08-10T18:23:00",2020,"A - Mud"," 46.02187)",148.9
246,"SABMPA","SAB_OLD","SAB_SOUTH","S113","S13","2020-08-22T12:04:00",NA,"VR2AR",545570,"A69-1601-60034","Y","2021-08-10T18:34:00",2020,"A - Mud"," 46.02172)",157.3
247,"SABMPA","SAB_OLD","SAB_SOUTH","S114","S14","2020-08-22T12:17:00",NA,"VR2AR",546087,"A69-1601-60551","Y","2021-08-10T18:44:00",2020,"A - Mud"," 46.02179)",134
248,"SABMPA","SAB_OLD","SAB_SOUTH","S115","S15","2020-08-22T12:34:00",NA,"VR2AR",546086,"A69-1601-60550","Y","2021-08-10T18:56:00",2020,"A - Mud"," 46.02154)",139.6
249,"SABMPA","SAB_OLD","SAB_SOUTH","S116","S16","2020-08-22T12:44:00",NA,"VR2AR",546081,"A69-1601-60545","Y","2021-08-10T19:06:00",2020,"A - Mud"," 46.02187)",146.3
250,"SABMPA","SAB_OLD","SAB_SOUTH","S117","S17","2020-08-22T13:04:00",NA,"VR2AR",546088,"A69-1601-60552","Y","2021-08-10T19:16:00",2020,"A - Mud"," 46.02195)",150.8
251,"SABMPA","SAB_OLD","SAB_SOUTH","S118","S18","2020-08-22T13:17:00",NA,"VR2AR",546090,"A69-1601-60554","Y","2021-08-10T19:25:00",2020,"A - Mud"," 46.02175)",147.9
252,"SABMPA","SAB_OLD","SAB_SOUTH","S119","S19","2020-08-22T13:40:00",NA,"VR2AR",546073,"A69-1601-60537","Y","2021-08-10T19:35:00",2020,"A - Mud"," 46.02158)",116.5
253,"SABMPA","SAB_OLD","SAB_SOUTH","S122","S22","2020-08-22T14:22:00",NA,"VR2AR",545770,"A69-1601-60234","Y","2021-08-10T20:03:00",2020,"A - Mud"," 46.02172)",132.4
254,"SABMPA","SAB_NEW","SAB_NEW","2021_46","2021_46","2021-08-10T14:33:00",NA,"VR2AR",550747,"A69-1601-60848","Y","2022-08-06T09:12:00",2021,"A - Mud"," 46.10146)",154.8
255,"SABMPA","SAB_NEW","SAB_NEW","2021_45","2021_45","2021-08-10T14:38:00",NA,"VR2AR",550748,"A69-1601-60849","Y","2022-08-06T09:22:00",2021,"A - Mud"," 46.09688)",154.8
256,"SABMPA","SAB_NEW","SAB_NEW","2021_44","2021_44","2021-08-10T14:43:00",NA,"VR2AR",550752,"A69-1601-60853","Y","2022-08-06T09:34:00",2021,"A - Mud"," 46.09175)",149.7
257,"SABMPA","SAB_NEW","SAB_NEW","2021_43","2021_43","2021-08-10T14:47:00",NA,"VR2AR",550754,"A69-1601-60855","Y","2022-08-06T09:42:00",2021,"A - Mud"," 46.08696)",143.5
258,"SABMPA","SAB_NEW","SAB_NEW","2021_42","2021_42","2021-08-10T14:51:00",NA,"VR2AR",550746,"A69-1601-60847","Y","2022-08-06T09:52:00",2021,"A - Mud"," 46.08203)",146.1
259,"SABMPA","SAB_NEW","SAB_NEW","2021_41","2021_41","2021-08-10T14:55:00",NA,"VR2AR",550750,"A69-1601-60851","Y","2022-08-06T10:01:00",2021,"A - Mud"," 46.07704)",151.6
260,"SABMPA","SAB_NEW","SAB_NEW","2021_40","2021_40","2021-08-10T14:59:00",NA,"VR2AR",546082,"A69-1601-60546","Y","2022-08-06T10:11:00",2021,"A - Mud"," 46.07238)",150.4
261,"SABMPA","SAB_NEW","SAB_NEW","2021_39","2021_39","2021-08-10T15:04:00",NA,"VR2AR",546084,"A69-1601-60548","Y","2022-08-06T10:21:00",2021,"A - Mud"," 46.06738)",163.4
262,"SABMPA","SAB_NEW","SAB_NEW","2021_38","2021_38","2021-08-10T15:08:00",NA,"VR2AR",546089,"A69-1601-60553","Y","2022-08-06T10:30:00",2021,"A - Mud"," 46.06263)",157.4
263,"SABMPA","SAB_NEW","SAB_NEW","2021_37","2021_37","2021-08-10T15:13:00",NA,"VR2AR",546083,"A69-1601-60547","Y","2022-08-06T10:41:00",2021,"A - Mud"," 46.05776)",145.3
264,"SABMPA","SAB_NEW","SAB_NEW","2021_32","2021_32","2021-08-10T15:35:00",NA,"VR2AR",546079,"A69-1601-60543","Y","2022-08-06T11:31:00",2021,"A - Mud"," 46.03277)",151.2
265,"SABMPA","SAB_NEW","SAB_NEW","2021_31","2021_31","2021-08-10T15:39:00",NA,"VR2AR",546075,"A69-1601-60539","Y","2022-08-06T11:42:00",2021,"A - Mud"," 46.02784)",148.9
266,"SABMPA","SAB_NEW","SAB_NEW","2021_30","2021_30","2021-08-10T15:43:00",NA,"VR2AR",545779,"A69-1601-60243","Y","2022-08-06T11:52:00",2021,"A - Mud"," 46.02283)",148.9
267,"SABMPA","SAB_NEW","SAB_NEW","2021_29","2021_29","2021-08-10T15:48:00",NA,"VR2AR",545784,"A69-1601-60248","Y","2022-08-06T12:02:00",2021,"A - Mud"," 46.01794)",142.8
268,"SABMPA","SAB_NEW","SAB_NEW","2021_28","2021_28","2021-08-10T15:52:00",NA,"VR2AR",545773,"A69-1601-60237","Y","2022-08-06T12:12:00",2021,"A - Mud"," 46.01304)",142.8
269,"SABMPA","SAB_NEW","SAB_NEW","2021_27","2021_27","2021-08-10T15:56:00",NA,"VR2AR",546072,"A69-1601-60536","Y","2022-08-06T12:22:00",2021,"A - Mud"," 46.00815)",120.4
270,"SABMPA","SAB_NEW","SAB_NEW","2021_26","2021_26","2021-08-10T16:01:00",NA,"VR2AR",546078,"A69-1601-60542","Y","2022-08-06T12:32:00",2021,"A - Mud"," 46.00319)",119.2
271,"SABMPA","SAB_NEW","SAB_NEW","2021_24","2021_24","2021-08-10T16:10:00",NA,"VR2AR",545765,"A69-1601-60229","Y","2022-08-06T12:52:00",2021,"A - Mud"," 45.99334)",117.8
272,"SABMPA","SAB_NEW","SAB_NEW","2021_23","2021_23","2021-08-10T21:19:00",NA,"VR2AR",546081,"A69-1601-60545","Y","2022-08-06T13:02:00",2021,"A - Mud"," 45.98809)",117.7
273,"SABMPA","SAB_NEW","SAB_NEW","2021_21","2021_21","2021-08-10T21:29:00",NA,"VR2AR",545571,"A69-1601-60035","Y","2022-08-06T13:26:00",2021,"A - Mud"," 45.98802)",111.8
274,"SABMPA","SAB_NEW","SAB_NEW","2021_20","2021_20","2021-08-10T21:34:00",NA,"VR2AR",547102,"A69-1601-61566","Y","2022-08-06T13:37:00",2021,"A - Mud"," 45.98801)",109.5
275,"SABMPA","SAB_NEW","SAB_NEW","2021_19","2021_19","2021-08-10T21:39:00",NA,"VR2AR",545714,"A69-1601-60178","Y","2022-08-06T13:48:00",2021,"A - Mud"," 45.98798)",104.1
276,"SABMPA","SAB_NEW","SAB_NEW","2021_18","2021_18","2021-08-10T21:44:00",NA,"VR2AR",545570,"A69-1601-60034","Y","2022-08-06T13:58:00",2021,"A - Mud"," 45.98794)",103.5
277,"SABMPA","SAB_NEW","SAB_NEW","2021_46","2021_46","2022-08-06T09:12:00",NA,"VR2AR",552480,"A69-1601-60789","Y","2023-08-16T09:44:00",2022,"A - Mud"," 46.10146)",154.8
278,"SABMPA","SAB_NEW","SAB_NEW","2021_45","2021_45","2022-08-06T09:23:00",NA,"VR2AR",552429,"A69-1601-60473","Y","2023-08-16T09:53:00",2022,"A - Mud"," 46.09688)",154.8
279,"SABMPA","SAB_NEW","SAB_NEW","2021_44","2021_44","2022-08-06T09:33:00",NA,"VR2AR",552478,"A69-1601-60787","Y","2023-08-16T10:05:00",2022,"A - Mud"," 46.09175)",149.7
280,"SABMPA","SAB_NEW","SAB_NEW","2021_43","2021_43","2022-08-06T09:42:00",NA,"VR2AR",550748,"A69-1601-60849","Y","2023-08-16T10:14:00",2022,"A - Mud"," 46.08696)",143.5
281,"SABMPA","SAB_NEW","SAB_NEW","2021_41","2021_41","2022-08-06T10:02:00",NA,"VR2AR",550754,"A69-1601-60855","Y","2023-08-16T10:40:00",2022,"A - Mud"," 46.07704)",151.6
282,"SABMPA","SAB_NEW","SAB_NEW","2021_40","2021_40","2022-08-06T10:12:00",NA,"VR2AR",550746,"A69-1601-60847","Y","2023-08-16T10:52:00",2022,"A - Mud"," 46.07238)",150.4
283,"SABMPA","SAB_NEW","SAB_NEW","2021_39","2021_39","2022-08-06T10:22:00",NA,"VR2AR",550747,"A69-1601-60848","Y","2023-08-16T11:03:00",2022,"A - Mud"," 46.06738)",163.4
284,"SABMPA","SAB_NEW","SAB_NEW","2021_38","2021_38","2022-08-06T10:31:00",NA,"VR2AR",550750,"A69-1601-60851","Y","2023-08-16T11:14:00",2022,"A - Mud"," 46.06263)",157.4
285,"SABMPA","SAB_NEW","SAB_NEW","2021_37","2021_37","2022-08-06T10:42:00",NA,"VR2AR",546082,"A69-1601-60546","Y","2023-08-16T11:25:00",2022,"A - Mud"," 46.05776)",145.3
286,"SABMPA","SAB_NEW","SAB_NEW","2021_32","2021_32","2022-08-06T11:32:00",NA,"VR2AR",546080,"A69-1601-60544","Y","2023-08-16T12:17:00",2022,"A - Mud"," 46.03277)",151.2
287,"SABMPA","SAB_NEW","SAB_NEW","2021_31","2021_31","2022-08-06T11:42:00",NA,"VR2AR",546071,"A69-1601-60535","Y","2023-08-16T12:29:00",2022,"A - Mud"," 46.02784)",148.9
288,"SABMPA","SAB_NEW","SAB_NEW","2021_30","2021_30","2022-08-06T11:53:00",NA,"VR2AR",545778,"A69-1601-60242","Y","2023-08-16T12:41:00",2022,"A - Mud"," 46.02283)",148.9
289,"SABMPA","SAB_NEW","SAB_NEW","2021_29","2021_29","2022-08-06T12:03:00",NA,"VR2AR",546079,"A69-1601-60543","Y","2023-08-16T12:52:00",2022,"A - Mud"," 46.01794)",142.8
290,"SABMPA","SAB_NEW","SAB_NEW","2021_28","2021_28","2022-08-06T12:13:00",NA,"VR2AR",546075,"A69-1601-60539","Y","2023-08-16T13:04:00",2022,"A - Mud"," 46.01304)",142.8
291,"SABMPA","SAB_NEW","SAB_NEW","2021_27","2021_27","2022-08-06T12:23:00",NA,"VR2AR",545779,"A69-1601-60243","Y","2023-08-16T13:14:00",2022,"A - Mud"," 46.00815)",120.4
292,"SABMPA","SAB_NEW","SAB_NEW","2021_26","2021_26","2022-08-06T12:33:00",NA,"VR2AR",545784,"A69-1601-60248","Y","2023-08-16T13:26:00",2022,"A - Mud"," 46.00319)",119.2
293,"SABMPA","SAB_NEW","SAB_NEW","2021_24","2021_24","2022-08-06T12:53:00",NA,"VR2AR",546072,"A69-1601-60536","Y","2023-08-16T13:46:00",2022,"A - Mud"," 45.99334)",117.8
294,"SABMPA","SAB_NEW","SAB_NEW","2021_23","2021_23","2022-08-06T13:03:00",NA,"VR2AR",546078,"A69-1601-60542","Y","2023-08-16T13:54:00",2022,"A - Mud"," 45.98809)",117.7
295,"SABMPA","SAB_NEW","SAB_NEW","2021_21","2021_21","2022-08-06T13:27:00",NA,"VR2AR",545765,"A69-1601-60229","Y","2023-08-16T14:15:00",2022,"A - Mud"," 45.98802)",111.8
296,"SABMPA","SAB_NEW","SAB_NEW","2021_20","2021_20","2022-08-06T13:38:00",NA,"VR2AR",546081,"A69-1601-60545","Y","2023-08-16T14:28:00",2022,"A - Mud"," 45.98801)",109.5
297,"SABMPA","SAB_NEW","SAB_NEW","2021_19","2021_19","2022-08-06T13:48:00",NA,"VR2AR",545771,"A69-1601-60235","Y","2023-08-16T14:38:00",2022,"A - Mud"," 45.98798)",104.1
298,"SABMPA","SAB_NEW","SAB_NEW","2021_18","2021_18","2022-08-06T13:58:00",NA,"VR2AR",545571,"A69-1601-60035","Y","2023-08-16T14:49:00",2022,"A - Mud"," 45.98794)",103.5
299,"SABMPA","SAB_NEW","SAB_NEW","2021_36","2021_36","2021-08-10T15:18:00",NA,"VR2AR",546074,"A69-1601-60538","Y","2022-08-06T10:51:00",2021,"B - Gravelly sand/mud <50% cobblles/gravel"," 46.05278)",129.6
300,"SABMPA","SAB_NEW","SAB_NEW","2021_35","2021_35","2021-08-10T15:22:00",NA,"VR2AR",546080,"A69-1601-60544","Y","2022-08-06T11:01:00",2021,"B - Gravelly sand/mud <50% cobblles/gravel"," 46.04759)",116
301,"SABMPA","SAB_NEW","SAB_NEW","2021_33","2021_33","2021-08-10T15:30:00",NA,"VR2AR",546071,"A69-1601-60535","Y","2022-08-06T11:21:00",2021,"B - Gravelly sand/mud <50% cobblles/gravel"," 46.03757)",134.7
302,"SABMPA","SAB_NEW","SAB_NEW","2021_25","2021_25","2021-08-10T16:05:00",NA,"VR2AR",545781,"A69-1601-60245","Y","2022-08-06T12:42:00",2021,"B - Gravelly sand/mud <50% cobblles/gravel"," 45.99811)",117.3
303,"SABMPA","SAB_NEW","SAB_NEW","2021_36","2021_36","2022-08-06T10:52:00",NA,"VR2AR",546084,"A69-1601-60548","Y","2023-08-16T11:36:00",2022,"B - Gravelly sand/mud <50% cobblles/gravel"," 46.05278)",129.6
304,"SABMPA","SAB_NEW","SAB_NEW","2021_35","2021_35","2022-08-06T11:02:00",NA,"VR2AR",546089,"A69-1601-60553","Y","2023-08-16T11:47:00",2022,"B - Gravelly sand/mud <50% cobblles/gravel"," 46.04759)",116
305,"SABMPA","SAB_NEW","SAB_NEW","2021_33","2021_33","2022-08-06T11:22:00",NA,"VR2AR",546074,"A69-1601-60538","Y","2023-08-16T12:07:00",2022,"B - Gravelly sand/mud <50% cobblles/gravel"," 46.03757)",134.7
306,"SABMPA","SAB_NEW","SAB_NEW","2021_25","2021_25","2022-08-06T12:43:00",NA,"VR2AR",545773,"A69-1601-60237","Y","2023-08-16T13:35:00",2022,"B - Gravelly sand/mud <50% cobblles/gravel"," 45.99811)",117.3
307,"SABMPA","SAB_NEW","SAB_NEW","2021_04","2021_04","2021-08-10T22:50:00",NA,"VR2AR",545766,"A69-1601-60230","Y","2022-08-06T17:29:00",2021,"A - Mud"," 45.98776)",83.3
308,"SABMPA","SAB_NEW","SAB_NEW","2021_02","2021_02","2021-08-10T23:00:00",NA,"VR2AR",545761,"A69-1601-60225","Y","2022-08-06T17:46:00",2021,"A - Mud"," 45.98769)",83.6
309,"SABMPA","SAB_NEW","SAB_NEW","2021_04","2021_04","2022-08-06T17:29:00",NA,"VR2AR",549709,"A69-1601-60278","Y","2023-08-16T17:05:00",2022,"A - Mud"," 45.98776)",83.3
310,"SABMPA","SAB_NEW","SAB_NEW","2021_34","2021_34","2021-08-10T15:26:00",NA,"VR2AR",545778,"A69-1601-60242","Y","2022-08-06T11:11:00",2021,"E - Gravel with crinoids"," 46.04268)",132.8
311,"SABMPA","SAB_NEW","SAB_NEW","2021_34","2021_34","2022-08-06T11:12:00",NA,"VR2AR",546083,"A69-1601-60547","Y","2023-08-16T11:56:00",2022,"E - Gravel with crinoids"," 46.04268)",132.8
312,"SABMPA","SAB_OLD","SAB_SOUTH","S21","S21","2016-04-17T13:19:44",NA,"VR2AR",545773,"A69-1601-60237","Y","2017-05-05T12:01:18",2016,"C - Till >50% cobbles/gravel"," 46.021775)",124.9
313,"SABMPA","SAB_OLD","SAB_SOUTH","S21","S21","2017-05-05T12:01:18",NA,"VR2AR",545769,"A69-1601-60233","Y","2018-06-10T11:07:54",2017,"C - Till >50% cobbles/gravel"," 46.0220317)",124.9
314,"SABMPA","SAB_OLD","SAB_SOUTH","S121","S21","2018-06-10T11:07:54",NA,"VR2AR",545762,"A69-1601-60226","Y","2019-08-07T11:40:00",2018,"C - Till >50% cobbles/gravel"," 46.02188)",124.9
315,"SABMPA","SAB_OLD","SAB_SOUTH","S120","S20","2019-08-07T11:30:00",NA,"VR2AR",546085,"A69-1601-60549","Y","2020-08-22T13:53:00",2019,"C - Till >50% cobbles/gravel"," 46.02172)",125.1
316,"SABMPA","SAB_OLD","SAB_SOUTH","S121","S21","2019-08-07T11:38:00",NA,"VR2AR",545770,"A69-1601-60234","Y","2020-08-22T14:11:00",2019,"C - Till >50% cobbles/gravel"," 46.02182)",124.9
317,"SABMPA","SAB_OLD","SAB_SOUTH","S120","S20","2020-08-22T13:54:00",NA,"VR2AR",545764,"A69-1601-60228","Y","2021-08-10T19:45:00",2020,"C - Till >50% cobbles/gravel"," 46.02172)",125.1
318,"SABMPA","SAB_OLD","SAB_SOUTH","S121","S21","2020-08-22T14:13:00",NA,"VR2AR",546085,"A69-1601-60549","Y","2021-08-10T19:54:00",2020,"C - Till >50% cobbles/gravel"," 46.02182)",124.9
319,"SABMPA","SAB_OLD","SAB_SOUTH","S20","S20","2016-04-17T20:41:45",NA,"VR2AR",545784,"A69-1601-60248","Y","2017-05-05T11:48:50",2016,"E - Gravel with crinoids"," 46.021635)",125.1
320,"SABMPA","SAB_OLD","SAB_SOUTH","S20","S20","2017-05-05T11:48:50",NA,"VR2AR",545713,"A69-1601-60177","Y","2018-06-10T10:59:47",2017,"E - Gravel with crinoids"," 46.0216117)",125.1
321,"SABMPA","SAB_OLD","SAB_SOUTH","S120","S20","2018-06-10T10:59:47",NA,"VR2AR",545781,"A69-1601-60245","Y","2019-08-07T11:32:00",2018,"E - Gravel with crinoids"," 46.02151)",125.1
322,"SABMPA","SAB_NEW","SAB_NEW","2021_22","2021_22","2021-08-10T21:25:00",NA,"VR2AR",545771,"A69-1601-60235","Y","2022-08-06T13:17:00",2021,"B - Gravelly sand/mud <50% cobblles/gravel"," 45.98806)",111.8
323,"SABMPA","SAB_NEW","SAB_NEW","2021_22","2021_22","2022-08-06T13:17:00",NA,"VR2AR",545781,"A69-1601-60245","Y","2023-08-16T14:05:00",2022,"B - Gravelly sand/mud <50% cobblles/gravel"," 45.98806)",111.8
