"ANIMAL_ID   (floy tag ID, pit tag code, etc.)",TAG_TYPE,TAG_MANUFACTURER,TAG_MODEL,TAG_SERIAL_NUMBER,TAG_ID_CODE,TAG_CODE_SPACE,TAG_IMPLANT_TYPE,TAG_IMPLANT_METHOD,TAG_ACTIVATION_DATE,EST_TAG_LIFE,TAGGER,TAG_OWNER_PI,TAG_OWNER_ORGANIZATION,COMMON_NAME_E,SCIENTIFIC_NAME,CAPTURE_LOCATION,CAPTURE_LATITUDE,CAPTURE_LONGITUDE,WILD_OR_HATCHERY,STOCK,LENGTH (m),WEIGHT (kg),LENGTH_TYPE,LENGTH2 (m),LENGTH2_TYPE,LIFE_STAGE,AGE,AGE_UNITS,SEX,DNA_SAMPLE_TAKEN,TREATMENT_TYPE,RELEASE_GROUP,RELEASE_LOCATION,RELEASE_LATITUDE,RELEASE_LONGITUDE,UTC_RELEASE_DATE_TIME,HARVEST_DATE,CAPTURE_DEPTH (m),TEMPERATURE_CHANGE (degrees C),HOLDING_TEMPERATURE (degrees C),PREOP_HOLD_PERIOD,POSTOP_HOLD_PERIOD,SURGERY_LOCATION,DATE_OF_SURGERY,SURGERY_LATITUDE,SURGERY_LONGITUDE,SEDATIVE,SEDATIVE_CONCENTRATION (ppm),ANAESTHETIC,BUFFER,ANAESTHETIC_CONCENTRATION (ppm),BUFFER_CONCENTRATION_IN_ANAESTHETIC (ppm),ANAESTHETIC_CONCENTRATION_IN_RECIRCULATION (ppm),BUFFER_CONCENTRATION_IN_RECIRCULATION (ppm),DISSOLVED_OXYGEN (ppm),COMMENTS,FLOY 1,FLOY 2,METHOD,SET NUMBER,,,,,,,,,,,,
MPA-SAB-,Acoustic,INNOVASEA,V13TP-1x,1283877,14987,A69-9006,INTERNAL,"inserted into abdominal cavity through upper ventral midline incision, closed using 2 polydioxanone monofilament sutures",,530 days,DANNI_HARPER,BEN_ZISSERSON,BEN_ZISSERSON_DFO,HALIBUT,Hippoglossus hippoglossus,,,,W,Scotian Shelf and Southern Grand Banks,0.610,NA,FORK,,,NA,NA,NA,NA,Y,,,St.Anns Bank MPA,4554.126,5936.392,2022-11-01T04:14:00,2022-11-01,,,,,,,,,,,,,,,,,,,,ST 18925,ST 18924,"cod traps (4557.259, 5917.862)",1,,,,,,,,,,,,
MPA-SAB-,Acoustic,INNOVASEA,V13TP-1x,1283878,14989,A69-9006,INTERNAL,"inserted into abdominal cavity through upper ventral midline incision, closed using 2 polydioxanone monofilament sutures",,530 days,DANNI_HARPER,BEN_ZISSERSON,BEN_ZISSERSON_DFO,HALIBUT,Hippoglossus hippoglossus,,,,W,Scotian Shelf and Southern Grand Banks,0.915,NA,FORK,,,NA,NA,NA,NA,Y,,,St.Anns Bank MPA,4554.295,5934.712,2022-11-01T04:13:00,2022-11-01,,,,,,,,,,,,,,,,,,,,ST 18922,ST 18923,"cod traps (4557.259, 5917.862)",1,,,,,,,,,,,,
MPA-SAB-,Acoustic,INNOVASEA,V13TP-1x,1283884,15001,A69-9006,INTERNAL,"inserted into abdominal cavity through upper ventral midline incision, closed using 2 polydioxanone monofilament sutures",,530 days,BEN_ZISSERSON,BEN_ZISSERSON,BEN_ZISSERSON_DFO,HALIBUT,Hippoglossus hippoglossus,,,,W,Scotian Shelf and Southern Grand Banks,1.170,NA,FORK,,,NA,NA,NA,NA,Y,,,St.Anns Bank MPA,4554.305,5934.707,2022-11-01T04:12:00,2022-11-01,,,,,,,,,,,,,,,,,,,,ST 18920,ST 18921,"cod traps (4557.259, 5917.862)",1,,,,,,,,,,,,
MPA-SAB-,Acoustic,INNOVASEA,V13TP-1x,1283888,15009,A69-9006,INTERNAL,"inserted into abdominal cavity through upper ventral midline incision, closed using 2 polydioxanone monofilament sutures",,530 days,BEN_ZISSERSON,BEN_ZISSERSON,BEN_ZISSERSON_DFO,HALIBUT,Hippoglossus hippoglossus,,,,W,Scotian Shelf and Southern Grand Banks,1.410,NA,FORK,,,NA,NA,NA,NA,Y,,,St.Anns Bank MPA,4555.836,5928.47,2022-11-01T04:11:00,2022-11-01,,,,,,,,,,,,,,,,,,,,ST 18918,ST 18919,"cod traps (4557.259, 5917.862)",2,,,,,,,,,,,,
MPA-SAB-,Acoustic,INNOVASEA,V13TP-1x,1283879,14991,A69-9006,INTERNAL,"inserted into abdominal cavity through upper ventral midline incision, closed using 2 polydioxanone monofilament sutures",,530 days,BEN_ZISSERSON,BEN_ZISSERSON,BEN_ZISSERSON_DFO,HALIBUT,Hippoglossus hippoglossus,,,,W,Scotian Shelf and Southern Grand Banks,1.340,NA,FORK,,,NA,NA,NA,NA,Y,,,St.Anns Bank MPA,4555.878,5928.126,2022-11-01T04:10:00,2022-11-01,,,,,,,,,,,,,,,,,,,,ST 18917,ST 18916,"cod traps (4557.259, 5917.862)",2,,,,,,,,,,,,
MPA-SAB-,Acoustic,INNOVASEA,V13TP-1x,1283882,14997,A69-9006,INTERNAL,"inserted into abdominal cavity through upper ventral midline incision, closed using 2 polydioxanone monofilament sutures",,530 days,BEN_ZISSERSON,BEN_ZISSERSON,BEN_ZISSERSON_DFO,HALIBUT,Hippoglossus hippoglossus,,,,W,Scotian Shelf and Southern Grand Banks,1.360,NA,FORK,,,NA,NA,NA,NA,Y,,,St.Anns Bank MPA,4555.924,5927.686,2022-11-01T04:09:00,2022-11-01,,,,,,,,,,,,,,,,,,,,ST 18915,ST 18914,"cod traps (4557.259, 5917.862)",2,,,,,,,,,,,,
MPA-SAB-,Acoustic,INNOVASEA,V13TP-1x,1283881,14995,A69-9006,INTERNAL,"inserted into abdominal cavity through upper ventral midline incision, closed using 2 polydioxanone monofilament sutures",,530 days,BEN_ZISSERSON,BEN_ZISSERSON,BEN_ZISSERSON_DFO,HALIBUT,Hippoglossus hippoglossus,,,,W,Scotian Shelf and Southern Grand Banks,1.000,NA,FORK,,,NA,NA,NA,NA,Y,,,St.Anns Bank MPA,4555.94,5927.563,2022-11-01T04:08:00,2022-11-01,,,,,,,,,,,,,,,,,,,,ST 18912,ST 18913,"cod traps (4557.259, 5917.862)",2,,,,,,,,,,,,
MPA-SAB-,Acoustic,INNOVASEA,V13TP-1x,1283885,15003,A69-9006,INTERNAL,"inserted into abdominal cavity through upper ventral midline incision, closed using 2 polydioxanone monofilament sutures",,530 days,BEN_ZISSERSON,BEN_ZISSERSON,BEN_ZISSERSON_DFO,HALIBUT,Hippoglossus hippoglossus,,,,W,Scotian Shelf and Southern Grand Banks,1.660,NA,FORK,,,NA,NA,NA,NA,Y,,,St.Anns Bank MPA,4555.96,5927.51,2022-11-01T04:07:00,2022-11-01,,,,,,,,,,,,,,,,,,,,ST 18911,ST 18910,"cod traps (4557.259, 5917.862)",2,,,,,,,,,,,,
MPA-SAB-,Acoustic,INNOVASEA,V13TP-1x,1283883,14999,A69-9006,INTERNAL,"inserted into abdominal cavity through upper ventral midline incision, closed using 2 polydioxanone monofilament sutures",,530 days,BEN_ZISSERSON,BEN_ZISSERSON,BEN_ZISSERSON_DFO,HALIBUT,Hippoglossus hippoglossus,,,,W,Scotian Shelf and Southern Grand Banks,1.330,NA,FORK,,,NA,NA,NA,NA,Y,,,St.Anns Bank MPA,4555.971,5927.432,2022-11-01T04:06:00,2022-11-01,,,,,,,,,,,,,,,,,,,,ST 18980,ST 18990,"cod traps (4557.259, 5917.862)",2,,,,,,,,,,,,
MPA-SAB-,Acoustic,INNOVASEA,V13TP-1x,1283886,15005,A69-9006,INTERNAL,"inserted into abdominal cavity through upper ventral midline incision, closed using 2 polydioxanone monofilament sutures",,530 days,BEN_ZISSERSON,BEN_ZISSERSON,BEN_ZISSERSON_DFO,HALIBUT,Hippoglossus hippoglossus,,,,W,Scotian Shelf and Southern Grand Banks,1.120,NA,FORK,,,NA,NA,NA,NA,Y,,,St.Anns Bank MPA,4555.972,5927.418,2022-11-01T04:33:00,2022-11-01,,,,,,,,,,,,,,,,,,,,ST 18960,ST 18970,"cod traps (4557.259, 5917.862)",2,,,,,,,,,,,,
MPA-SAB-,Acoustic,INNOVASEA,V13TP-1x,1283887,15007,A69-9006,INTERNAL,"inserted into abdominal cavity through upper ventral midline incision, closed using 2 polydioxanone monofilament sutures",,530 days,BEN_ZISSERSON,BEN_ZISSERSON,BEN_ZISSERSON_DFO,HALIBUT,Hippoglossus hippoglossus,,,,W,Scotian Shelf and Southern Grand Banks,0.890,NA,FORK,,,NA,NA,NA,NA,Y,,,St.Anns Bank MPA,4555.927,5927.132,2022-11-01T04:22:00,2022-11-01,,,,,,,,,,,,,,,,,,,,ST 18950,ST 18940,"cod traps (4557.259, 5917.862)",2,,,,,,,,,,,,
MPA-SAB-,Acoustic,INNOVASEA,V13TP-1x,1283889,15011,A69-9006,INTERNAL,"inserted into abdominal cavity through upper ventral midline incision, closed using 2 polydioxanone monofilament sutures",,530 days,BEN_ZISSERSON,BEN_ZISSERSON,BEN_ZISSERSON_DFO,HALIBUT,Hippoglossus hippoglossus,,,,W,Scotian Shelf and Southern Grand Banks,1.100,NA,FORK,,,NA,NA,NA,NA,Y,,,St.Anns Bank MPA,4555.88,5926.846,2022-11-01T04:21:00,2022-11-01,,,,,,,,,,,,,,,,,,,,ST 18930,ST 18920,"cod traps (4557.259, 5917.862)",2,,,,,,,,,,,,
MPA-SAB-,Acoustic,INNOVASEA,V13TP-1x,1283892,15017,A69-9006,INTERNAL,"inserted into abdominal cavity through upper ventral midline incision, closed using 2 polydioxanone monofilament sutures",,530 days,BEN_ZISSERSON,BEN_ZISSERSON,BEN_ZISSERSON_DFO,HALIBUT,Hippoglossus hippoglossus,,,,W,Scotian Shelf and Southern Grand Banks,1.060,NA,FORK,,,NA,NA,NA,NA,Y,,,St.Anns Bank MPA,4557.261,5917.95,2022-11-01T04:20:00,2022-11-01,,,,,,,,,,,,,,,,,,,,ST 18910,ST 18950,"cod traps (4557.259, 5917.862)",4,,,,,,,,,,,,
MPA-SAB-,Acoustic,INNOVASEA,V13TP-1x,1283891,15015,A69-9006,INTERNAL,"inserted into abdominal cavity through upper ventral midline incision, closed using 2 polydioxanone monofilament sutures",,530 days,BEN_ZISSERSON,BEN_ZISSERSON,BEN_ZISSERSON_DFO,HALIBUT,Hippoglossus hippoglossus,,,,W,Scotian Shelf and Southern Grand Banks,1.220,NA,FORK,,,NA,NA,NA,NA,Y,,,St.Anns Bank MPA,4558.101,5915.072,2022-11-01T04:19:00,2022-11-01,,,,,,,,,,,,,,,,,,,,ST 18949,ST 18948,"cod traps (4557.259, 5917.862)",5,,,,,,,,,,,,
MPA-SAB-,Acoustic,INNOVASEA,V13TP-1x,1283893,15019,A69-9006,INTERNAL,"inserted into abdominal cavity through upper ventral midline incision, closed using 2 polydioxanone monofilament sutures",,530 days,BEN_ZISSERSON,BEN_ZISSERSON,BEN_ZISSERSON_DFO,HALIBUT,Hippoglossus hippoglossus,,,,W,Scotian Shelf and Southern Grand Banks,1.310,NA,FORK,,,NA,NA,NA,NA,Y,,,St.Anns Bank MPA,4558.141,5914.959,2022-11-01T04:18:00,2022-11-01,,,,,,,,,,,,,,,,,,,,ST 18947,ST 18946,"cod traps (4557.259, 5917.862)",5,,,,,,,,,,,,
MPA-SAB-,Acoustic,INNOVASEA,V13TP-1x,1283890,15013,A69-9006,INTERNAL,"inserted into abdominal cavity through upper ventral midline incision, closed using 2 polydioxanone monofilament sutures",,530 days,BEN_ZISSERSON,BEN_ZISSERSON,BEN_ZISSERSON_DFO,HALIBUT,Hippoglossus hippoglossus,,,,W,Scotian Shelf and Southern Grand Banks,1.630,NA,FORK,,,NA,NA,NA,NA,Y,,,St.Anns Bank MPA,4558.141,5914.933,2022-11-01T04:17:00,2022-11-01,,,,,,,,,,,,,,,,,,,,ST 18944,ST 18945,"cod traps (4557.259, 5917.862)",5,,,,,,,,,,,,
MPA-SAB-,Acoustic,INNOVASEA,V13TP-1x,1283894,15021,A69-9006,INTERNAL,"inserted into abdominal cavity through upper ventral midline incision, closed using 2 polydioxanone monofilament sutures",,530 days,BEN_ZISSERSON,BEN_ZISSERSON,BEN_ZISSERSON_DFO,HALIBUT,Hippoglossus hippoglossus,,,,W,Scotian Shelf and Southern Grand Banks,1.750,NA,FORK,,,NA,NA,NA,NA,Y,,,St.Anns Bank MPA,4558.144,5914.878,2022-11-01T04:16:00,2022-11-01,,,,,,,,,,,,,,,,,,,,ST 18943,ST 18942,"cod traps (4557.259, 5917.862)",5,,,,,,,,,,,,
MPA-SAB-,Acoustic,INNOVASEA,V13TP-1x,1283895,15023,A69-9006,INTERNAL,"inserted into abdominal cavity through upper ventral midline incision, closed using 2 polydioxanone monofilament sutures",,530 days,BEN_ZISSERSON,BEN_ZISSERSON,BEN_ZISSERSON_DFO,HALIBUT,Hippoglossus hippoglossus,,,,W,Scotian Shelf and Southern Grand Banks,1.720,NA,FORK,,,NA,NA,NA,NA,Y,,,St.Anns Bank MPA,4558.164,5914.799,2022-11-01T04:15:00,2022-11-01,,,,,,,,,,,,,,,,,,,,ST 18940,ST 18941,"cod traps (4557.259, 5917.862)",5,,,,,,,,,,,,
MPA-SAB-,Acoustic,INNOVASEA,V13TP-1x,1283896,15025,A69-9006,INTERNAL,"inserted into abdominal cavity through upper ventral midline incision, closed using 2 polydioxanone monofilament sutures",,530 days,BEN_ZISSERSON,BEN_ZISSERSON,BEN_ZISSERSON_DFO,HALIBUT,Hippoglossus hippoglossus,,,,W,Scotian Shelf and Southern Grand Banks,1.650,NA,FORK,,,NA,NA,NA,NA,Y,,,St.Anns Bank MPA,4558.166,5914.782,2022-11-01T04:32:00,2022-11-01,,,,,,,,,,,,,,,,,,,,ST 18938,ST 18939,"cod traps (4557.259, 5917.862)",5,,,,,,,,,,,,
MPA-SAB-,Acoustic,INNOVASEA,V13TP-1x,1283899,15031,A69-9006,INTERNAL,"inserted into abdominal cavity through upper ventral midline incision, closed using 2 polydioxanone monofilament sutures",,530 days,BEN_ZISSERSON,BEN_ZISSERSON,BEN_ZISSERSON_DFO,HALIBUT,Hippoglossus hippoglossus,,,,W,Scotian Shelf and Southern Grand Banks,1.820,NA,FORK,,,NA,NA,NA,NA,Y,,,St.Anns Bank MPA,4558.175,5914.685,2022-11-01T04:31:00,2022-11-01,,,,,,,,,,,,,,,,,,,,ST 18936,ST 18937,"cod traps (4557.259, 5917.862)",5,,,,,,,,,,,,
MPA-SAB-,Acoustic,INNOVASEA,V13TP-1x,1283903,15039,A69-9006,INTERNAL,"inserted into abdominal cavity through upper ventral midline incision, closed using 2 polydioxanone monofilament sutures",,530 days,BEN_ZISSERSON,BEN_ZISSERSON,BEN_ZISSERSON_DFO,HALIBUT,Hippoglossus hippoglossus,,,,W,Scotian Shelf and Southern Grand Banks,1.220,NA,FORK,,,NA,NA,NA,NA,Y,,,St.Anns Bank MPA,4558.547,5913.214,2022-11-01T04:30:00,2022-11-01,,,,,,,,,,,,,,,,,,,,ST 18934,ST 18935,"cod traps (4557.259, 5917.862)",5,,,,,,,,,,,,
MPA-SAB-,Acoustic,INNOVASEA,V13TP-1x,1283898,15029,A69-9006,INTERNAL,"inserted into abdominal cavity through upper ventral midline incision, closed using 2 polydioxanone monofilament sutures",,530 days,BEN_ZISSERSON,BEN_ZISSERSON,BEN_ZISSERSON_DFO,HALIBUT,Hippoglossus hippoglossus,,,,W,Scotian Shelf and Southern Grand Banks,1.020,NA,FORK,,,NA,NA,NA,NA,Y,,,St.Anns Bank MPA,4558.511,5913.367,2022-11-01T04:29:00,2022-11-01,,,,,,,,,,,,,,,,,,,,ST 18933,ST 18932,"cod traps (4557.259, 5917.862)",5,,,,,,,,,,,,
MPA-SAB-,Acoustic,INNOVASEA,V13TP-1x,1283897,15027,A69-9006,INTERNAL,"inserted into abdominal cavity through upper ventral midline incision, closed using 2 polydioxanone monofilament sutures",,530 days,BEN_ZISSERSON,BEN_ZISSERSON,BEN_ZISSERSON_DFO,HALIBUT,Hippoglossus hippoglossus,,,,W,Scotian Shelf and Southern Grand Banks,1.080,NA,FORK,,,NA,NA,NA,NA,Y,,,St.Anns Bank MPA,4558.244,5914.26,2022-11-01T04:28:00,2022-11-01,,,,,,,,,,,,,,,,,,,,ST 18930,ST 18931,"cod traps (4557.259, 5917.862)",5,,,,,,,,,,,,
MPA-SAB-,Acoustic,INNOVASEA,V13TP-1x,1283900,15033,A69-9006,INTERNAL,"inserted into abdominal cavity through upper ventral midline incision, closed using 2 polydioxanone monofilament sutures",,530 days,BEN_ZISSERSON,BEN_ZISSERSON,BEN_ZISSERSON_DFO,HALIBUT,Hippoglossus hippoglossus,,,,W,Scotian Shelf and Southern Grand Banks,1.210,NA,FORK,,,NA,NA,NA,NA,Y,,,St.Anns Bank MPA,4558.206,5914.42,2022-11-01T04:27:00,2022-11-01,,,,,,,,,,,,,,,,,,,,ST 18928,ST 18929,"cod traps (4557.259, 5917.862)",5,,,,,,,,,,,,
MPA-SAB-,Acoustic,INNOVASEA,V13TP-1x,1283901,15035,A69-9006,INTERNAL,"inserted into abdominal cavity through upper ventral midline incision, closed using 2 polydioxanone monofilament sutures",,530 days,BEN_ZISSERSON,BEN_ZISSERSON,BEN_ZISSERSON_DFO,HALIBUT,Hippoglossus hippoglossus,,,,W,Scotian Shelf and Southern Grand Banks,1.100,NA,FORK,,,NA,NA,NA,NA,Y,,,St.Anns Bank MPA,4558.267,5914.471,2022-11-01T04:26:00,2022-11-01,,,,,,,,,,,,,,,,,,,,ST 18926,ST 18927,"cod traps (4557.259, 5917.862)",5,,,,,,,,,,,,
MPA-SAB-,Acoustic,INNOVASEA,V13TP-1x,1283902,15037,A69-9006,INTERNAL,"inserted into abdominal cavity through upper ventral midline incision, closed using 2 polydioxanone monofilament sutures",,530 days,BEN_ZISSERSON,BEN_ZISSERSON,BEN_ZISSERSON_DFO,HALIBUT,Hippoglossus hippoglossus,,,,W,Scotian Shelf and Southern Grand Banks,1.580,NA,FORK,,,NA,NA,NA,NA,Y,,,St.Anns Bank MPA,4558.21,5914.479,2022-11-01T04:25:00,2022-11-01,,,,,,,,,,,,,,,,,,,,ST19025,ST 18924,"cod traps (4557.259, 5917.862)",5,,,,,,,,,,,,
MPA-SAB-,Acoustic,INNOVASEA,V13TP-1x,1283904,15041,A69-9006,INTERNAL,"inserted into abdominal cavity through upper ventral midline incision, closed using 2 polydioxanone monofilament sutures",,530 days,BEN_ZISSERSON,BEN_ZISSERSON,BEN_ZISSERSON_DFO,HALIBUT,Hippoglossus hippoglossus,,,,W,Scotian Shelf and Southern Grand Banks,1.200,NA,FORK,,,NA,NA,NA,NA,Y,,,St.Anns Bank MPA,4558.167,5914.557,2022-11-01T04:24:00,2022-11-01,,,,,,,,,,,,,,,,,,,,ST 18922,ST 18923,"cod traps (4557.259, 5917.862)",5,,,,,,,,,,,,
MPA-SAB-,Acoustic,INNOVASEA,V13TP-1x,1283908,15049,A69-9006,INTERNAL,"inserted into abdominal cavity through upper ventral midline incision, closed using 2 polydioxanone monofilament sutures",,530 days,BEN_ZISSERSON,BEN_ZISSERSON,BEN_ZISSERSON_DFO,HALIBUT,Hippoglossus hippoglossus,,,,W,Scotian Shelf and Southern Grand Banks,1.680,NA,FORK,,,NA,NA,NA,NA,Y,,,St.Anns Bank MPA,4558.17,5914.618,2022-11-01T04:33:00,2022-11-01,,,,,,,,,,,,,,,,,,,,ST 18920,ST 18921,"cod traps (4557.259, 5917.862)",5,,,,,,,,,,,,
MPA-SAB-,Acoustic,INNOVASEA,V13TP-1x,1283905,15043,A69-9006,INTERNAL,"inserted into abdominal cavity through upper ventral midline incision, closed using 2 polydioxanone monofilament sutures",,530 days,BEN_ZISSERSON,BEN_ZISSERSON,BEN_ZISSERSON_DFO,HALIBUT,Hippoglossus hippoglossus,,,,W,Scotian Shelf and Southern Grand Banks,1.100,NA,FORK,,,NA,NA,NA,NA,Y,,,St.Anns Bank MPA,4558.147,5914.696,2022-11-01T04:34:00,2022-11-01,,,,,,,,,,,,,,,,,,,,ST 18918,ST 18919,"cod traps (4557.259, 5917.862)",5,,,,,,,,,,,,
MPA-SAB-,Acoustic,INNOVASEA,V13-1x,1261777,50860,A69-1601,INTERNAL,"inserted into abdominal cavity through upper ventral midline incision, closed using 2 polydioxanone monofilament sutures",,900 days,BEN_ZISSERSON,BEN_ZISSERSON,BEN_ZISSERSON_DFO,ATLANTIC_COD,Gadus morhua,,,,W,Scotian Shelf and Southern Grand Banks,0.440,,FORK,,,NA,NA,NA,NA,,,,St.Anns Bank MPA,4556.44,5916.69,2022-12-05T17:07:00,2022-12-05,,,,,,,,,,,,,,,,,,,,,,long line,,,,,,,,,,,,,
MPA-SAB-,Acoustic,INNOVASEA,V13-1x,1261776,50859,A69-1601,INTERNAL,"inserted into abdominal cavity through upper ventral midline incision, closed using 2 polydioxanone monofilament sutures",,900 days,BEN_ZISSERSON,BEN_ZISSERSON,BEN_ZISSERSON_DFO,ATLANTIC_COD,Gadus morhua,,,,W,Scotian Shelf and Southern Grand Banks,0.550,,FORK,,,NA,NA,NA,NA,,,,St.Anns Bank MPA,4556.58,5916.5,2022-12-05T17:23:00,2022-12-05,,,,,,,,,,,,,,,,,,,,,,long line,,,,,,,,,,,,,
MPA-SAB-,Acoustic,INNOVASEA,V13-1x,1261775,50858,A69-1601,INTERNAL,"inserted into abdominal cavity through upper ventral midline incision, closed using 2 polydioxanone monofilament sutures",,900 days,BEN_ZISSERSON,BEN_ZISSERSON,BEN_ZISSERSON_DFO,ATLANTIC_COD,Gadus morhua,,,,W,Scotian Shelf and Southern Grand Banks,0.530,,FORK,,,NA,NA,NA,NA,,,,St.Anns Bank MPA,4556.77,5916.24,2022-12-05T17:44:00,2022-12-05,,,,,,,,,,,,,,,,,,,,,,long line,,,,,,,,,,,,,
MPA-SAB-,Acoustic,INNOVASEA,V13-1x,1261774,50857,A69-1601,INTERNAL,"inserted into abdominal cavity through upper ventral midline incision, closed using 2 polydioxanone monofilament sutures",,900 days,BEN_ZISSERSON,BEN_ZISSERSON,BEN_ZISSERSON_DFO,ATLANTIC_COD,Gadus morhua,,,,W,Scotian Shelf and Southern Grand Banks,0.580,,FORK,,,NA,NA,NA,NA,,,,St.Anns Bank MPA,4557.04,5916.01,2022-12-05T18:04:00,2022-12-05,,,,,,,,,,,,,,,,,,,,,,long line,,,,,,,,,,,,,
MPA-SAB-,Acoustic,INNOVASEA,V13-1x,1261778,50861,A69-1601,INTERNAL,"inserted into abdominal cavity through upper ventral midline incision, closed using 2 polydioxanone monofilament sutures",,900 days,BEN_ZISSERSON,BEN_ZISSERSON,BEN_ZISSERSON_DFO,ATLANTIC_COD,Gadus morhua,,,,W,Scotian Shelf and Southern Grand Banks,0.470,,FORK,,,NA,NA,NA,NA,,,,St.Anns Bank MPA,4557.08,5915.96,2022-12-05T18:06:00,2022-12-05,,,,,,,,,,,,,,,,,,,,,,long line,,,,,,,,,,,,,
MPA-SAB-,Acoustic,INNOVASEA,V13-1x,1261773,50856,A69-1601,INTERNAL,"inserted into abdominal cavity through upper ventral midline incision, closed using 2 polydioxanone monofilament sutures",,900 days,BEN_ZISSERSON,BEN_ZISSERSON,BEN_ZISSERSON_DFO,ATLANTIC_COD,Gadus morhua,,,,W,Scotian Shelf and Southern Grand Banks,0.540,,FORK,,,NA,NA,NA,NA,,,,St.Anns Bank MPA,4557.12,5915.94,2022-12-05T18:10:00,2022-12-05,,,,,,,,,,,,,,,,,,,,,,long line,,,,,,,,,,,,,
MPA-SAB-,Acoustic,INNOVASEA,V13-1x,1261742,50825,A69-1601,INTERNAL,"inserted into abdominal cavity through upper ventral midline incision, closed using 2 polydioxanone monofilament sutures",,900 days,BEN_ZISSERSON,BEN_ZISSERSON,BEN_ZISSERSON_DFO,ATLANTIC_COD,Gadus morhua,,,,W,Scotian Shelf and Southern Grand Banks,0.480,,FORK,,,NA,NA,NA,NA,,,,St.Anns Bank MPA,4557.15,5915.89,2022-12-05T18:15:00,2022-12-05,,,,,,,,,,,,,,,,,,,,,,long line,,,,,,,,,,,,,
MPA-SAB-,Acoustic,INNOVASEA,V13-1x,1261741,50824,A69-1601,INTERNAL,"inserted into abdominal cavity through upper ventral midline incision, closed using 2 polydioxanone monofilament sutures",,900 days,BEN_ZISSERSON,BEN_ZISSERSON,BEN_ZISSERSON_DFO,ATLANTIC_COD,Gadus morhua,,,,W,Scotian Shelf and Southern Grand Banks,0.450,,FORK,,,NA,NA,NA,NA,,,,St.Anns Bank MPA,4557.27,5915.78,2022-12-05T18:32:00,2022-12-05,,,,,,,,,,,,,,,,,,,,,,long line,,,,,,,,,,,,,
MPA-SAB-,Acoustic,INNOVASEA,V13-1x,1261740,50823,A69-1601,INTERNAL,"inserted into abdominal cavity through upper ventral midline incision, closed using 1 polydioxanone monofilament sutures",,900 days,BEN_ZISSERSON,BEN_ZISSERSON,BEN_ZISSERSON_DFO,ATLANTIC_COD,Gadus morhua,,,,W,Scotian Shelf and Southern Grand Banks,0.780,,FORK,,,NA,NA,NA,NA,,,,St.Anns Bank MPA,4558.07,5915.19,2022-12-05T19:13:00,2022-12-05,,,,,,,,,,,,,,,,,,,,,,long line,,,,,,,,,,,,,
MPA-SAB-,Acoustic,INNOVASEA,V13-1x,1261739,50822,A69-1601,INTERNAL,"inserted into abdominal cavity through upper ventral midline incision, closed using 2 polydioxanone monofilament sutures",,900 days,BEN_ZISSERSON,BEN_ZISSERSON,BEN_ZISSERSON_DFO,ATLANTIC_COD,Gadus morhua,,,,W,Scotian Shelf and Southern Grand Banks,0.490,,FORK,,,NA,NA,NA,NA,,,,St.Anns Bank MPA,4558.14,5915.01,2022-12-05T19:25:00,2022-12-05,,,,,,,,,,,,,,,,,,,,,,long line,,,,,,,,,,,,,
MPA-SAB-,Acoustic,INNOVASEA,V13-1x,1261738,50821,A69-1601,INTERNAL,"inserted into abdominal cavity through upper ventral midline incision, closed using 2 polydioxanone monofilament sutures",,900 days,BEN_ZISSERSON,BEN_ZISSERSON,BEN_ZISSERSON_DFO,ATLANTIC_COD,Gadus morhua,,,,W,Scotian Shelf and Southern Grand Banks,0.560,,FORK,,,NA,NA,NA,NA,,,,St.Anns Bank MPA,4558.16,5914.97,2022-12-05T19:28:00,2022-12-05,,,,,,,,,,,,,,,,,,,,,,long line,,,,,,,,,,,,,
MPA-SAB-,Acoustic,INNOVASEA,V13-1x,1261747,50830,A69-1601,INTERNAL,"inserted into abdominal cavity through upper ventral midline incision, closed using 2 polydioxanone monofilament sutures",,900 days,BEN_ZISSERSON,BEN_ZISSERSON,BEN_ZISSERSON_DFO,ATLANTIC_COD,Gadus morhua,,,,W,Scotian Shelf and Southern Grand Banks,0.480,,FORK,,,NA,NA,NA,NA,,,,St.Anns Bank MPA,4558.16,5914.9,2022-12-05T19:31:00,2022-12-05,,,,,,,,,,,,,,,,,,,,,,long line,,,,,,,,,,,,,
MPA-SAB-,Acoustic,INNOVASEA,V13-1x,1261746,50829,A69-1601,INTERNAL,"inserted into abdominal cavity through upper ventral midline incision, closed using 2 polydioxanone monofilament sutures",,900 days,BEN_ZISSERSON,BEN_ZISSERSON,BEN_ZISSERSON_DFO,ATLANTIC_COD,Gadus morhua,,,,W,Scotian Shelf and Southern Grand Banks,0.460,,FORK,,,NA,NA,NA,NA,,,,St.Anns Bank MPA,4558.2,5914.88,2022-12-05T19:35:00,2022-12-05,,,,,,,,,,,,,,,,,,,,,,long line,,,,,,,,,,,,,
MPA-SAB-,Acoustic,INNOVASEA,V13-1x,1261745,50828,A69-1601,INTERNAL,"inserted into abdominal cavity through upper ventral midline incision, closed using 2 polydioxanone monofilament sutures",,900 days,BEN_ZISSERSON,BEN_ZISSERSON,BEN_ZISSERSON_DFO,ATLANTIC_COD,Gadus morhua,,,,W,Scotian Shelf and Southern Grand Banks,0.460,,FORK,,,NA,NA,NA,NA,,,,St.Anns Bank MPA,4558.2,5914.82,2022-12-05T19:38:00,2022-12-05,,,,,,,,,,,,,,,,,,,,,,long line,,,,,,,,,,,,,
MPA-SAB-,Acoustic,INNOVASEA,V13-1x,1261744,50827,A69-1601,INTERNAL,"inserted into abdominal cavity through upper ventral midline incision, closed using 2 polydioxanone monofilament sutures",,900 days,BEN_ZISSERSON,BEN_ZISSERSON,BEN_ZISSERSON_DFO,ATLANTIC_COD,Gadus morhua,,,,W,Scotian Shelf and Southern Grand Banks,0.450,,FORK,,,NA,NA,NA,NA,,,,St.Anns Bank MPA,4558.23,5914.78,2022-12-05T19:41:00,2022-12-05,,,,,,,,,,,,,,,,,,,,,,long line,,,,,,,,,,,,,
MPA-SAB-,Acoustic,INNOVASEA,V13-1x,1261743,50826,A69-1601,INTERNAL,"inserted into abdominal cavity through upper ventral midline incision, closed using 2 polydioxanone monofilament sutures",,900 days,BEN_ZISSERSON,BEN_ZISSERSON,BEN_ZISSERSON_DFO,ATLANTIC_COD,Gadus morhua,,,,W,Scotian Shelf and Southern Grand Banks,0.460,,FORK,,,NA,NA,NA,NA,,,,St.Anns Bank MPA,4558.24,5914.75,2022-12-05T19:43:00,2022-12-05,,,,,,,,,,,,,,,,,,,,,,long line,,,,,,,,,,,,,
MPA-SAB-,Acoustic,INNOVASEA,V13-1x,1261752,50835,A69-1601,INTERNAL,"inserted into abdominal cavity through upper ventral midline incision, closed using 2 polydioxanone monofilament sutures",,900 days,BEN_ZISSERSON,BEN_ZISSERSON,BEN_ZISSERSON_DFO,ATLANTIC_COD,Gadus morhua,,,,W,Scotian Shelf and Southern Grand Banks,0.490,,FORK,,,NA,NA,NA,NA,,,,St.Anns Bank MPA,4558.25,5914.7,2022-12-05T19:47:00,2022-12-05,,,,,,,,,,,,,,,,,,,,,,long line,,,,,,,,,,,,,
MPA-SAB-,Acoustic,INNOVASEA,V13-1x,1261751,50834,A69-1601,INTERNAL,"inserted into abdominal cavity through upper ventral midline incision, closed using 2 polydioxanone monofilament sutures",,900 days,BEN_ZISSERSON,BEN_ZISSERSON,BEN_ZISSERSON_DFO,ATLANTIC_COD,Gadus morhua,,,,W,Scotian Shelf and Southern Grand Banks,0.620,,FORK,,,NA,NA,NA,NA,,,,St.Anns Bank MPA,4558.27,5914.66,2022-12-05T19:49:00,2022-12-05,,,,,,,,,,,,,,,,,,,,,,long line,,,,,,,,,,,,,
MPA-SAB-,Acoustic,INNOVASEA,V13-1x,1261750,50833,A69-1601,INTERNAL,"inserted into abdominal cavity through upper ventral midline incision, closed using 2 polydioxanone monofilament sutures",,900 days,BEN_ZISSERSON,BEN_ZISSERSON,BEN_ZISSERSON_DFO,ATLANTIC_COD,Gadus morhua,,,,W,Scotian Shelf and Southern Grand Banks,0.490,,FORK,,,NA,NA,NA,NA,,,,St.Anns Bank MPA,4558.28,5914.65,2022-12-05T19:51:00,2022-12-05,,,,,,,,,,,,,,,,,,,,,,long line,,,,,,,,,,,,,
MPA-SAB-,Acoustic,INNOVASEA,V13-1x,1261749,50832,A69-1601,INTERNAL,"inserted into abdominal cavity through upper ventral midline incision, closed using 2 polydioxanone monofilament sutures",,900 days,BEN_ZISSERSON,BEN_ZISSERSON,BEN_ZISSERSON_DFO,ATLANTIC_COD,Gadus morhua,,,,W,Scotian Shelf and Southern Grand Banks,0.610,,FORK,,,NA,NA,NA,NA,,,,St.Anns Bank MPA,4558.29,5914.61,2022-12-05T19:59:00,2022-12-05,,,,,,,,,,,,,,,,,,,,,,long line,,,,,,,,,,,,,
MPA-SAB-,Acoustic,INNOVASEA,V13-1x,1261768,50851,A69-1601,INTERNAL,"inserted into abdominal cavity through upper ventral midline incision, closed using 2 polydioxanone monofilament sutures",,900 days,BEN_ZISSERSON,BEN_ZISSERSON,BEN_ZISSERSON_DFO,ATLANTIC_COD,Gadus morhua,,,,W,Scotian Shelf and Southern Grand Banks,0.520,,FORK,,,NA,NA,NA,NA,,,,St.Anns Bank MPA,4558.72,5912.34,2022-12-05T22:10:00,2022-12-05,,,,,,,,,,,,,,,,,,,,,,long line,,,,,,,,,,,,,
MPA-SAB-,Acoustic,INNOVASEA,V13-1x,1346228,56401,A69-1602,INTERNAL,"inserted into abdominal cavity through upper ventral midline incision, closed using 2 polydioxanone monofilament sutures",,900 days,BEN_ZISSERSON,BEN_ZISSERSON,BEN_ZISSERSON_DFO,ATLANTIC_COD,Gadus morhua,,,,W,Scotian Shelf and Southern Grand Banks,0.520,,FORK,,,NA,NA,NA,NA,,,,St.Anns Bank MPA,4558.72,5912.34,2022-12-05T22:10:00,2022-12-05,,,,,,,,,,,,,,,,,,,,,,long line,,,,,,,,,,,,,
MPA-SAB-,Acoustic,INNOVASEA,V13-1x,1346229,56402,A69-1602,INTERNAL,"inserted into abdominal cavity through upper ventral midline incision, closed using 2 polydioxanone monofilament sutures",,900 days,BEN_ZISSERSON,BEN_ZISSERSON,BEN_ZISSERSON_DFO,ATLANTIC_COD,Gadus morhua,,,,W,Scotian Shelf and Southern Grand Banks,0.590,,FORK,,,NA,NA,NA,NA,,,,St.Anns Bank MPA,4558.74,5912.02,2022-12-05T22:25:00,2022-12-05,,,,,,,,,,,,,,,,,,,,,,long line,,,,,,,,,,,,,
MPA-SAB-,Acoustic,INNOVASEA,V13-1x,1346222,56395,A69-1602,INTERNAL,"inserted into abdominal cavity through upper ventral midline incision, closed using 2 polydioxanone monofilament sutures",,900 days,BEN_ZISSERSON,BEN_ZISSERSON,BEN_ZISSERSON_DFO,ATLANTIC_COD,Gadus morhua,,,,W,Scotian Shelf and Southern Grand Banks,0.490,,FORK,,,NA,NA,NA,NA,,,,St.Anns Bank MPA,4558.79,5911.88,2022-12-05T22:37:00,2022-12-05,,,,,,,,,,,,,,,,,,,,,,long line,,,,,,,,,,,,,
MPA-SAB-,Acoustic,INNOVASEA,V13-1x,1346223,56396,A69-1602,INTERNAL,"inserted into abdominal cavity through upper ventral midline incision, closed using 2 polydioxanone monofilament sutures",,900 days,BEN_ZISSERSON,BEN_ZISSERSON,BEN_ZISSERSON_DFO,ATLANTIC_COD,Gadus morhua,,,,W,Scotian Shelf and Southern Grand Banks,0.430,,FORK,,,NA,NA,NA,NA,,,,St.Anns Bank MPA,4558.78,5911.41,2022-12-05T23:00:00,2022-12-05,,,,,,,,,,,,,,,,,,,,,,long line,,,,,,,,,,,,,
MPA-SAB-,Acoustic,INNOVASEA,V13-1x,1346224,56397,A69-1602,INTERNAL,"inserted into abdominal cavity through upper ventral midline incision, closed using 2 polydioxanone monofilament sutures",,900 days,BEN_ZISSERSON,BEN_ZISSERSON,BEN_ZISSERSON_DFO,ATLANTIC_COD,Gadus morhua,,,,W,Scotian Shelf and Southern Grand Banks,0.490,,FORK,,,NA,NA,NA,NA,,,,St.Anns Bank MPA,4558.85,5911.1,2022-12-05T23:20:00,2022-12-05,,,,,,,,,,,,,,,,,,,,,,long line,,,,,,,,,,,,,
MPA-SAB-,Acoustic,INNOVASEA,V13-1x,1346225,56398,A69-1602,INTERNAL,"inserted into abdominal cavity through upper ventral midline incision, closed using 2 polydioxanone monofilament sutures",,900 days,BEN_ZISSERSON,BEN_ZISSERSON,BEN_ZISSERSON_DFO,ATLANTIC_COD,Gadus morhua,,,,W,Scotian Shelf and Southern Grand Banks,0.490,,FORK,,,NA,NA,NA,NA,,,,St.Anns Bank MPA,4558.85,5911.1,2022-12-05T23:20:00,2022-12-05,,,,,,,,,,,,,,,,,,,,,,long line,,,,,,,,,,,,,
MPA-SAB-,Acoustic,INNOVASEA,V13-1x,1346226,56399,A69-1602,INTERNAL,"inserted into abdominal cavity through upper ventral midline incision, closed using 2 polydioxanone monofilament sutures",,900 days,BEN_ZISSERSON,BEN_ZISSERSON,BEN_ZISSERSON_DFO,ATLANTIC_COD,Gadus morhua,,,,W,Scotian Shelf and Southern Grand Banks,0.450,,FORK,,,NA,NA,NA,NA,,,,St.Anns Bank MPA,4558.88,5911,2022-12-05T23:25:00,2022-12-05,,,,,,,,,,,,,,,,,,,,,,long line,,,,,,,,,,,,,
MPA-SAB-,Acoustic,INNOVASEA,V13-1x,1346227,56400,A69-1602,INTERNAL,"inserted into abdominal cavity through upper ventral midline incision, closed using 2 polydioxanone monofilament sutures",,900 days,BEN_ZISSERSON,BEN_ZISSERSON,BEN_ZISSERSON_DFO,ATLANTIC_COD,Gadus morhua,,,,W,Scotian Shelf and Southern Grand Banks,0.510,,FORK,,,NA,NA,NA,NA,,,,St.Anns Bank MPA,4558.9,5910.95,2022-12-05T23:28:00,2022-12-05,,,,,,,,,,,,,,,,,,,,,,long line,,,,,,,,,,,,,
MPA-SAB-,Acoustic,INNOVASEA,V13-1x,1346216,56389,A69-1602,INTERNAL,"inserted into abdominal cavity through upper ventral midline incision, closed using 2 polydioxanone monofilament sutures",,900 days,BEN_ZISSERSON,BEN_ZISSERSON,BEN_ZISSERSON_DFO,ATLANTIC_TOMCOD,Microgadus tomcod,,,,W,Scotian Shelf and Southern Grand Banks,0.370,,FORK,,,NA,NA,NA,NA,,,,St.Anns Bank MPA,4558.9,5910.95,2022-12-05T23:28:00,2022-12-05,,,,,,,,,,,,,,,,,,,,,,long line,,,,,,,,,,,,,
MPA-SAB-,Acoustic,INNOVASEA,V13-1x,1346217,56390,A69-1602,INTERNAL,"inserted into abdominal cavity through upper ventral midline incision, closed using 2 polydioxanone monofilament sutures",,900 days,BEN_ZISSERSON,BEN_ZISSERSON,BEN_ZISSERSON_DFO,ATLANTIC_COD,Gadus morhua,,,,W,Scotian Shelf and Southern Grand Banks,0.700,,FORK,,,NA,NA,NA,NA,,,,St.Anns Bank MPA,4558.9,5910.95,2022-12-05T23:28:00,2022-12-05,,,,,,,,,,,,,,,,,,,,,,long line,,,,,,,,,,,,,
MPA-SAB-,Acoustic,INNOVASEA,V13-1x,1346218,56391,A69-1602,INTERNAL,"inserted into abdominal cavity through upper ventral midline incision, closed using 2 polydioxanone monofilament sutures",,900 days,BEN_ZISSERSON,BEN_ZISSERSON,BEN_ZISSERSON_DFO,ATLANTIC_COD,Gadus morhua,,,,W,Scotian Shelf and Southern Grand Banks,0.500,,FORK,,,NA,NA,NA,NA,,,,St.Anns Bank MPA,4557.97,5912.2,2022-12-06T00:44:00,2022-12-06,,,,,,,,,,,,,,,,,,,,,,long line,,,,,,,,,,,,,
MPA-SAB-,Acoustic,INNOVASEA,V13-1x,1346219,56392,A69-1602,INTERNAL,"inserted into abdominal cavity through upper ventral midline incision, closed using 2 polydioxanone monofilament sutures",,900 days,BEN_ZISSERSON,BEN_ZISSERSON,BEN_ZISSERSON_DFO,ATLANTIC_COD,Gadus morhua,,,,W,Scotian Shelf and Southern Grand Banks,0.440,,FORK,,,NA,NA,NA,NA,,,,St.Anns Bank MPA,4557.97,5912.2,2022-12-06T00:44:00,2022-12-06,,,,,,,,,,,,,,,,,,,,,,long line,,,,,,,,,,,,,
MPA-SAB-,Acoustic,INNOVASEA,V13-1x,1346220,56393,A69-1602,INTERNAL,"inserted into abdominal cavity through upper ventral midline incision, closed using 2 polydioxanone monofilament sutures",,900 days,BEN_ZISSERSON,BEN_ZISSERSON,BEN_ZISSERSON_DFO,ATLANTIC_COD,Gadus morhua,,,,W,Scotian Shelf and Southern Grand Banks,0.500,,FORK,,,NA,NA,NA,NA,,,,St.Anns Bank MPA,4557.96,5912.23,2022-12-06T00:19:00,2022-12-06,,,,,,,,,,,,,,,,,,,,,,long line,,,,,,,,,,,,,
MPA-SAB-,Acoustic,INNOVASEA,V13-1x,1346221,56394,A69-1602,INTERNAL,"inserted into abdominal cavity through upper ventral midline incision, closed using 2 polydioxanone monofilament sutures",,900 days,BEN_ZISSERSON,BEN_ZISSERSON,BEN_ZISSERSON_DFO,ATLANTIC_COD,Gadus morhua,,,,W,Scotian Shelf and Southern Grand Banks,0.480,,FORK,,,NA,NA,NA,NA,,,,St.Anns Bank MPA,4557.96,5912.23,2022-12-06T00:19:00,2022-12-06,,,,,,,,,,,,,,,,,,,,,,long line,,,,,,,,,,,,,
MPA-SAB-,Acoustic,INNOVASEA,V13-1x,1346210,56383,A69-1602,INTERNAL,"inserted into abdominal cavity through upper ventral midline incision, closed using 2 polydioxanone monofilament sutures",,900 days,BEN_ZISSERSON,BEN_ZISSERSON,BEN_ZISSERSON_DFO,ATLANTIC_COD,Gadus morhua,,,,W,Scotian Shelf and Southern Grand Banks,0.510,,FORK,,,NA,NA,NA,NA,,,,St.Anns Bank MPA,4557.96,5912.23,2022-12-06T00:19:00,2022-12-06,,,,,,,,,,,,,,,,,,,,,,long line,,,,,,,,,,,,,
MPA-SAB-,Acoustic,INNOVASEA,V13-1x,1346211,56384,A69-1602,INTERNAL,"inserted into abdominal cavity through upper ventral midline incision, closed using 2 polydioxanone monofilament sutures",,900 days,BEN_ZISSERSON,BEN_ZISSERSON,BEN_ZISSERSON_DFO,ATLANTIC_COD,Gadus morhua,,,,W,Scotian Shelf and Southern Grand Banks,0.470,,FORK,,,NA,NA,NA,NA,,,,St.Anns Bank MPA,4557.91,5912.2,2022-12-06T00:27:00,2022-12-06,,,,,,,,,,,,,,,,,,,,,,long line,,,,,,,,,,,,,
MPA-SAB-,Acoustic,INNOVASEA,V13-1x,1346212,56385,A69-1602,INTERNAL,"inserted into abdominal cavity through upper ventral midline incision, closed using 2 polydioxanone monofilament sutures",,900 days,BEN_ZISSERSON,BEN_ZISSERSON,BEN_ZISSERSON_DFO,ATLANTIC_COD,Gadus morhua,,,,W,Scotian Shelf and Southern Grand Banks,0.480,,FORK,,,NA,NA,NA,NA,,,,St.Anns Bank MPA,4557.87,5912.48,2022-12-06T00:38:00,2022-12-06,,,,,,,,,,,,,,,,,,,,,,long line,,,,,,,,,,,,,
MPA-SAB-,Acoustic,INNOVASEA,V13-1x,1346213,56386,A69-1602,INTERNAL,"inserted into abdominal cavity through upper ventral midline incision, closed using 2 polydioxanone monofilament sutures",,900 days,BEN_ZISSERSON,BEN_ZISSERSON,BEN_ZISSERSON_DFO,ATLANTIC_COD,Gadus morhua,,,,W,Scotian Shelf and Southern Grand Banks,0.490,,FORK,,,NA,NA,NA,NA,,,,St.Anns Bank MPA,4557.87,5912.54,2022-12-06T00:43:00,2022-12-06,,,,,,,,,,,,,,,,,,,,,,long line,,,,,,,,,,,,,
MPA-SAB-,Acoustic,INNOVASEA,V13-1x,1346214,56387,A69-1602,INTERNAL,"inserted into abdominal cavity through upper ventral midline incision, closed using 2 polydioxanone monofilament sutures",,900 days,BEN_ZISSERSON,BEN_ZISSERSON,BEN_ZISSERSON_DFO,ATLANTIC_COD,Gadus morhua,,,,W,Scotian Shelf and Southern Grand Banks,0.450,,FORK,,,NA,NA,NA,NA,,,,St.Anns Bank MPA,4557.79,5913.61,2022-12-06T01:57:00,2022-12-06,,,,,,,,,,,,,,,,,,,,,,long line,,,,,,,,,,,,,
MPA-SAB-,Acoustic,INNOVASEA,V13-1x,1346215,56388,A69-1602,INTERNAL,"inserted into abdominal cavity through upper ventral midline incision, closed using 2 polydioxanone monofilament sutures",,900 days,BEN_ZISSERSON,BEN_ZISSERSON,BEN_ZISSERSON_DFO,ATLANTIC_COD,Gadus morhua,,,,W,Scotian Shelf and Southern Grand Banks,0.560,,FORK,,,NA,NA,NA,NA,,,,St.Anns Bank MPA,4557.8,5913.74,2022-12-06T01:51:00,2022-12-06,,,,,,,,,,,,,,,,,,,,,,long line,,,,,,,,,,,,,
MPA-SAB-,Acoustic,INNOVASEA,V13-1x,1261748,50831,A69-1601,INTERNAL,"inserted into abdominal cavity through upper ventral midline incision, closed using 2 polydioxanone monofilament sutures",,900 days,BEN_ZISSERSON,BEN_ZISSERSON,BEN_ZISSERSON_DFO,ATLANTIC_COD,Gadus morhua,,,,W,Scotian Shelf and Southern Grand Banks,0.450,,FORK,,,NA,NA,NA,NA,,,,St.Anns Bank MPA,4558.3,5914.58,2022-12-05T19:58:00,2022-12-05,,,,,,,,,,,,,,,,,,,,,,long line,,,,,,,,,,,,,
MPA-SAB-,Acoustic,INNOVASEA,V13-1x,1261757,50840,A69-1601,INTERNAL,"inserted into abdominal cavity through upper ventral midline incision, closed using 2 polydioxanone monofilament sutures",,900 days,BEN_ZISSERSON,BEN_ZISSERSON,BEN_ZISSERSON_DFO,ATLANTIC_COD,Gadus morhua,,,,W,Scotian Shelf and Southern Grand Banks,0.670,,FORK,,,NA,NA,NA,NA,,,,St.Anns Bank MPA,4558.28,5914.58,2022-12-05T20:00:00,2022-12-05,,,,,,,,,,,,,,,,,,,,,,long line,,,,,,,,,,,,,
MPA-SAB-,Acoustic,INNOVASEA,V13-1x,1261756,50839,A69-1601,INTERNAL,"inserted into abdominal cavity through upper ventral midline incision, closed using 2 polydioxanone monofilament sutures",,900 days,BEN_ZISSERSON,BEN_ZISSERSON,BEN_ZISSERSON_DFO,ATLANTIC_COD,Gadus morhua,,,,W,Scotian Shelf and Southern Grand Banks,0.440,,FORK,,,NA,NA,NA,NA,,,,St.Anns Bank MPA,4558.28,5914.58,2022-12-05T20:00:00,2022-12-05,,,,,,,,,,,,,,,,,,,,,,long line,,,,,,,,,,,,,
MPA-SAB-,Acoustic,INNOVASEA,V13-1x,1261755,50838,A69-1601,INTERNAL,"inserted into abdominal cavity through upper ventral midline incision, closed using 2 polydioxanone monofilament sutures",,900 days,BEN_ZISSERSON,BEN_ZISSERSON,BEN_ZISSERSON_DFO,ATLANTIC_COD,Gadus morhua,,,,W,Scotian Shelf and Southern Grand Banks,0.510,,FORK,,,NA,NA,NA,NA,,,,St.Anns Bank MPA,4558.28,5914.58,2022-12-05T20:00:00,2022-12-05,,,,,,,,,,,,,,,,,,,,,,long line,,,,,,,,,,,,,
MPA-SAB-,Acoustic,INNOVASEA,V13-1x,1261754,50837,A69-1601,INTERNAL,"inserted into abdominal cavity through upper ventral midline incision, closed using 2 polydioxanone monofilament sutures",,900 days,BEN_ZISSERSON,BEN_ZISSERSON,BEN_ZISSERSON_DFO,ATLANTIC_COD,Gadus morhua,,,,W,Scotian Shelf and Southern Grand Banks,0.450,,FORK,,,NA,NA,NA,NA,,,,St.Anns Bank MPA,4558.28,5914.58,2022-12-05T20:00:00,2022-12-05,,,,,,,,,,,,,,,,,,,,,,long line,,,,,,,,,,,,,
MPA-SAB-,Acoustic,INNOVASEA,V13-1x,1261753,50836,A69-1601,INTERNAL,"inserted into abdominal cavity through upper ventral midline incision, closed using 2 polydioxanone monofilament sutures",,900 days,BEN_ZISSERSON,BEN_ZISSERSON,BEN_ZISSERSON_DFO,ATLANTIC_COD,Gadus morhua,,,,W,Scotian Shelf and Southern Grand Banks,0.500,,FORK,,,NA,NA,NA,NA,,,,St.Anns Bank MPA,4558.28,5914.5,2022-12-05T20:12:00,2022-12-05,,,,,,,,,,,,,,,,,,,,,,long line,,,,,,,,,,,,,
MPA-SAB-,Acoustic,INNOVASEA,V13-1x,1261762,50845,A69-1601,INTERNAL,"inserted into abdominal cavity through upper ventral midline incision, closed using 2 polydioxanone monofilament sutures",,900 days,BEN_ZISSERSON,BEN_ZISSERSON,BEN_ZISSERSON_DFO,ATLANTIC_COD,Gadus morhua,,,,W,Scotian Shelf and Southern Grand Banks,0.440,,FORK,,,NA,NA,NA,NA,,,,St.Anns Bank MPA,4558.28,5914.5,2022-12-05T20:12:00,2022-12-05,,,,,,,,,,,,,,,,,,,,,,long line,,,,,,,,,,,,,
MPA-SAB-,Acoustic,INNOVASEA,V13-1x,1261761,50844,A69-1601,INTERNAL,"inserted into abdominal cavity through upper ventral midline incision, closed using 2 polydioxanone monofilament sutures",,900 days,BEN_ZISSERSON,BEN_ZISSERSON,BEN_ZISSERSON_DFO,ATLANTIC_COD,Gadus morhua,,,,W,Scotian Shelf and Southern Grand Banks,0.480,,FORK,,,NA,NA,NA,NA,,,,St.Anns Bank MPA,4558.34,5914.46,2022-12-05T20:16:00,2022-12-05,,,,,,,,,,,,,,,,,,,,,,long line,,,,,,,,,,,,,
MPA-SAB-,Acoustic,INNOVASEA,V13-1x,1261760,50843,A69-1601,INTERNAL,"inserted into abdominal cavity through upper ventral midline incision, closed using 2 polydioxanone monofilament sutures",,900 days,BEN_ZISSERSON,BEN_ZISSERSON,BEN_ZISSERSON_DFO,ATLANTIC_COD,Gadus morhua,,,,W,Scotian Shelf and Southern Grand Banks,0.470,,FORK,,,NA,NA,NA,NA,,,,St.Anns Bank MPA,4558.37,5914.44,2022-12-05T20:16:00,2022-12-05,,,,,,,,,,,,,,,,,,,,,,long line,,,,,,,,,,,,,
MPA-SAB-,Acoustic,INNOVASEA,V13-1x,1261759,50842,A69-1601,INTERNAL,"inserted into abdominal cavity through upper ventral midline incision, closed using 2 polydioxanone monofilament sutures",,900 days,BEN_ZISSERSON,BEN_ZISSERSON,BEN_ZISSERSON_DFO,ATLANTIC_COD,Gadus morhua,,,,W,Scotian Shelf and Southern Grand Banks,0.450,,FORK,,,NA,NA,NA,NA,,,,St.Anns Bank MPA,4558.43,5914.3,2022-12-05T20:30:00,2022-12-05,,,,,,,,,,,,,,,,,,,,,,long line,,,,,,,,,,,,,
MPA-SAB-,Acoustic,INNOVASEA,V13-1x,1261758,50841,A69-1601,INTERNAL,"inserted into abdominal cavity through upper ventral midline incision, closed using 2 polydioxanone monofilament sutures",,900 days,BEN_ZISSERSON,BEN_ZISSERSON,BEN_ZISSERSON_DFO,SHORTHORN_SCULPIN,Myoxocephalus scorpius,,,,W,Scotian Shelf and Southern Grand Banks,0.680,,FORK,,,NA,NA,NA,NA,,,,St.Anns Bank MPA,4558.53,5914.64,2022-12-05T20:50:00,2022-12-05,,,,,,,,,,,,,,,,,,,,,,long line,,,,,,,,,,,,,
MPA-SAB-,Acoustic,INNOVASEA,V13-1x,1261767,50850,A69-1601,INTERNAL,"inserted into abdominal cavity through upper ventral midline incision, closed using 2 polydioxanone monofilament sutures",,900 days,BEN_ZISSERSON,BEN_ZISSERSON,BEN_ZISSERSON_DFO,ATLANTIC_COD,Gadus morhua,,,,W,Scotian Shelf and Southern Grand Banks,0.510,,FORK,,,NA,NA,NA,NA,,,,St.Anns Bank MPA,4558.56,5913.99,2022-12-05T20:51:00,2022-12-05,,,,,,,,,,,,,,,,,,,,,,long line,,,,,,,,,,,,,
MPA-SAB-,Acoustic,INNOVASEA,V13-1x,1261766,50849,A69-1601,INTERNAL,"inserted into abdominal cavity through upper ventral midline incision, closed using 2 polydioxanone monofilament sutures",,900 days,BEN_ZISSERSON,BEN_ZISSERSON,BEN_ZISSERSON_DFO,ATLANTIC_COD,Gadus morhua,,,,W,Scotian Shelf and Southern Grand Banks,0.650,,FORK,,,NA,NA,NA,NA,,,,St.Anns Bank MPA,4558.57,5913.94,2022-12-05T20:57:00,2022-12-05,,,,,,,,,,,,,,,,,,,,,,long line,,,,,,,,,,,,,
MPA-SAB-,Acoustic,INNOVASEA,V13-1x,1261765,50848,A69-1601,INTERNAL,"inserted into abdominal cavity through upper ventral midline incision, closed using 2 polydioxanone monofilament sutures",,900 days,BEN_ZISSERSON,BEN_ZISSERSON,BEN_ZISSERSON_DFO,ATLANTIC_COD,Gadus morhua,,,,W,Scotian Shelf and Southern Grand Banks,0.510,,FORK,,,NA,NA,NA,NA,,,,St.Anns Bank MPA,4558.65,5913.78,2022-12-05T21:11:00,2022-12-05,,,,,,,,,,,,,,,,,,,,,,long line,,,,,,,,,,,,,
MPA-SAB-,Acoustic,INNOVASEA,V13-1x,1261764,50847,A69-1601,INTERNAL,"inserted into abdominal cavity through upper ventral midline incision, closed using 2 polydioxanone monofilament sutures",,900 days,BEN_ZISSERSON,BEN_ZISSERSON,BEN_ZISSERSON_DFO,ATLANTIC_COD,Gadus morhua,,,,W,Scotian Shelf and Southern Grand Banks,0.540,,FORK,,,NA,NA,NA,NA,,,,St.Anns Bank MPA,4558.65,5913.78,2022-12-05T21:11:00,2022-12-05,,,,,,,,,,,,,,,,,,,,,,long line,,,,,,,,,,,,,
MPA-SAB-,Acoustic,INNOVASEA,V13-1x,1261763,50846,A69-1601,INTERNAL,"inserted into abdominal cavity through upper ventral midline incision, closed using 2 polydioxanone monofilament sutures",,900 days,BEN_ZISSERSON,BEN_ZISSERSON,BEN_ZISSERSON_DFO,ATLANTIC_COD,Gadus morhua,,,,W,Scotian Shelf and Southern Grand Banks,0.640,,FORK,,,NA,NA,NA,NA,,,,St.Anns Bank MPA,4558.65,5913.78,2022-12-05T21:11:00,2022-12-05,,,,,,,,,,,,,,,,,,,,,,long line,,,,,,,,,,,,,
MPA-SAB-,Acoustic,INNOVASEA,V13-1x,1261772,50855,A69-1601,INTERNAL,"inserted into abdominal cavity through upper ventral midline incision, closed using 2 polydioxanone monofilament sutures",,900 days,BEN_ZISSERSON,BEN_ZISSERSON,BEN_ZISSERSON_DFO,ATLANTIC_COD,Gadus morhua,,,,W,Scotian Shelf and Southern Grand Banks,0.470,,FORK,,,NA,NA,NA,NA,,,,St.Anns Bank MPA,4558.72,5912.54,2022-12-05T21:57:00,2022-12-05,,,,,,,,,,,,,,,,,,,,,,long line,,,,,,,,,,,,,
MPA-SAB-,Acoustic,INNOVASEA,V13-1x,1261770,50853,A69-1601,INTERNAL,"inserted into abdominal cavity through upper ventral midline incision, closed using 2 polydioxanone monofilament sutures",,900 days,BEN_ZISSERSON,BEN_ZISSERSON,BEN_ZISSERSON_DFO,ATLANTIC_COD,Gadus morhua,,,,W,Scotian Shelf and Southern Grand Banks,0.540,,FORK,,,NA,NA,NA,NA,,,,St.Anns Bank MPA,4558.72,5912.54,2022-12-05T21:57:00,2022-12-05,,,,,,,,,,,,,,,,,,,,,,long line,,,,,,,,,,,,,
MPA-SAB-,Acoustic,INNOVASEA,V13-1x,1261771,50854,A69-1601,INTERNAL,"inserted into abdominal cavity through upper ventral midline incision, closed using 2 polydioxanone monofilament sutures",,900 days,BEN_ZISSERSON,BEN_ZISSERSON,BEN_ZISSERSON_DFO,ATLANTIC_COD,Gadus morhua,,,,W,Scotian Shelf and Southern Grand Banks,0.620,,FORK,,,NA,NA,NA,NA,,,,St.Anns Bank MPA,4558.71,5912.42,2022-12-05T22:04:00,2022-12-05,,,,,,,,,,,,,,,,,,,,,,long line,,,,,,,,,,,,,
MPA-SAB-,Acoustic,INNOVASEA,V13-1x,1261789,50852,A69-1601,INTERNAL,"inserted into abdominal cavity through upper ventral midline incision, closed using 2 polydioxanone monofilament sutures",,900 days,BEN_ZISSERSON,BEN_ZISSERSON,BEN_ZISSERSON_DFO,ATLANTIC_COD,Gadus morhua,,,,W,Scotian Shelf and Southern Grand Banks,0.490,,FORK,,,NA,NA,NA,NA,,,,St.Anns Bank MPA,4558.71,5912.42,2022-12-05T22:04:00,2022-12-05,,,,,,,,,,,,,,,,,,,,,,long line,,,,,,,,,,,,,
MPA-SAB-22-55-HIP-0435,Acoustic,INNOVASEA,V13TP-1x,1283907,15047,A69-9006,INTERNAL,"inserted into abdominal cavity through upper ventral midline incision, closed using 2 polydioxanone monofilament sutures",,500 days,BEN_ZISSERSON,BEN_ZISSERSON,BEN_ZISSERSON_DFO,HALIBUT,Hippoglossus hippoglossus,,,,W,Scotian Shelf and Southern Grand Banks,1.870,,FORK,,,NA,NA,NA,NA,Y,,,St.Anns Bank MPA,4557.17,5915.85,2022-12-05T18:21:00,2022-12-05,,,,,,,,,,,,,,,,,,,,ST19017,ST19016,long line,,,,,,,,,,,,,
MPA-SAB-22-55-HIP-0436,Acoustic,INNOVASEA,V13TP-1x,1283906,15045,A69-9006,INTERNAL,"inserted into abdominal cavity through upper ventral midline incision, closed using 2 polydioxanone monofilament sutures",,500 days,BEN_ZISSERSON,BEN_ZISSERSON,BEN_ZISSERSON_DFO,HALIBUT,Hippoglossus hippoglossus,,,,W,Scotian Shelf and Southern Grand Banks,1.380,,FORK,,,NA,NA,NA,NA,Y,,,St.Anns Bank MPA,4558.44,5914.27,2022-12-05T20:01:00,2022-12-05,,,,,,,,,,,,,,,,,,,,ST19013,ST19014,long line,,,,,,,,,,,,,
MPA-SAB-22-55-HIP-0437,Acoustic,INNOVASEA,V13TP-1x,1283925,15083,A69-9006,INTERNAL,"inserted into abdominal cavity through upper ventral midline incision, closed using 2 polydioxanone monofilament sutures",,500 days,BEN_ZISSERSON,BEN_ZISSERSON,BEN_ZISSERSON_DFO,HALIBUT,Hippoglossus hippoglossus,,,,W,Scotian Shelf and Southern Grand Banks,1.470,,FORK,,,NA,NA,NA,NA,Y,,,St.Anns Bank MPA,4558.72,5912.34,2022:12:05T22:10:00,2022-12-05,,,,,,,,,,,,,,,,,,,,ST19012,ST19011,long line,,,,,,,,,,,,,
MPA-SAB-22-55-HIP-0438,Acoustic,INNOVASEA,V13TP-1x,1283924,15081,A69-9006,INTERNAL,"inserted into abdominal cavity through upper ventral midline incision, closed using 2 polydioxanone monofilament sutures",,500 days,BEN_ZISSERSON,BEN_ZISSERSON,BEN_ZISSERSON_DFO,HALIBUT,Hippoglossus hippoglossus,,,,W,Scotian Shelf and Southern Grand Banks,1.190,,FORK,,,NA,NA,NA,NA,Y,,,St.Anns Bank MPA,4558.77,5911.28,2022:12:05T23:09:00,2022-12-05,,,,,,,,,,,,,,,,,,,,ST19010,ST19009,long line,,,,,,,,,,,,,
MPA-SAB-22-55-HIP-0439,Acoustic,INNOVASEA,V13TP-1x,1283911,15055,A69-9006,INTERNAL,"inserted into abdominal cavity through upper ventral midline incision, closed using 2 polydioxanone monofilament sutures",,500 days,BEN_ZISSERSON,BEN_ZISSERSON,BEN_ZISSERSON_DFO,HALIBUT,Hippoglossus hippoglossus,,,,W,Scotian Shelf and Southern Grand Banks,1.130,,FORK,,,NA,NA,NA,NA,Y,,,St.Anns Bank MPA,4557.89,5912.35,2022:12:06T00:31:00,2022-12-06,,,,,,,,,,,,,,,,,,,BLEEDING,ST19008,ST19007,long line,,,,,,,,,,,,,
MPA-SAB-22-55-HIP-0440,Acoustic,INNOVASEA,V13TP-1x,1283910,15053,A69-9006,INTERNAL,"inserted into abdominal cavity through upper ventral midline incision, closed using 2 polydioxanone monofilament sutures",,500 days,BEN_ZISSERSON,BEN_ZISSERSON,BEN_ZISSERSON_DFO,HALIBUT,Hippoglossus hippoglossus,,,,W,Scotian Shelf and Southern Grand Banks,1.350,,FORK,,,NA,NA,NA,NA,Y,,,St.Anns Bank MPA,4557.88,5912.77,2022:12:06T00:57:00,2022-12-06,,,,,,,,,,,,,,,,,,,,ST19006,ST19005,long line,,,,,,,,,,,,,
,,,,,,,,,,,,,,,,,,,,,,,,,,,,,,,,,,,,,,,,,,,,,,,,,,,,,,,,,,,,,,,,,,,,,,,,
,,,,,,,,,,,,,,,,,,,,,,,,,,,,,,,,,,,,,,,,,,,,,,,,,,,,,,,,,,,,,,,,,,,,,,,,
,,,,,,,,,,,,,,,,,,,,,,,,,,,,,,,,,,,,,,,,,,,,,,,,,,,,,,,,,,,,,,,,,,,,,,,,
,,,,,,,,,,,,,,,,,,,,,,,,,,,,,,,,,,,,,,,,,,,,,,,,,,,,,,,,,,,,,,,,,,,,,,,,
,,,,,,,,,,,,,,,,,,,,,,,,,,,,,,,,,,,,,,,,,,,,,,,,,,,,,,,,,,,,,,,,,,,,,,,,
,,,,,,,,,,,,,,,,,,,,,,,,,,,,,,,,,,,,,,,,,,,,,,,,,,,,,,,,,,,,,,,,,,,,,,,,
,,,,,,,,,,,,,,,,,,,,,,,,,,,,,,,,,,,,,,,,,,,,,,,,,,,,,,,,,,,,,,,,,,,,,,,,
,,,,,,,,,,,,,,,,,,,,,,,,,,,,,,,,,,,,,,,,,,,,,,,,,,,,,,,,,,,,,,,,,,,,,,,,
,,,,,,,,,,,,,,,,,,,,,,,,,,,,,,,,,,,,,,,,,,,,,,,,,,,,,,,,,,,,,,,,,,,,,,,,
,,,,,,,,,,,,,,,,,,,,,,,,,,,,,,,,,,,,,,,,,,,,,,,,,,,,,,,,,,,,,,,,,,,,,,,,
,,,,,,,,,,,,,,,,,,,,,,,,,,,,,,,,,,,,,,,,,,,,,,,,,,,,,,,,,,,,,,,,,,,,,,,,
,,,,,,,,,,,,,,,,,,,,,,,,,,,,,,,,,,,,,,,,,,,,,,,,,,,,,,,,,,,,,,,,,,,,,,,,
,,,,,,,,,,,,,,,,,,,,,,,,,,,,,,,,,,,,,,,,,,,,,,,,,,,,,,,,,,,,,,,,,,,,,,,,
,,,,,,,,,,,,,,,,,,,,,,,,,,,,,,,,,,,,,,,,,,,,,,,,,,,,,,,,,,,,,,,,,,,,,,,,
,,,,,,,,,,,,,,,,,,,,,,,,,,,,,,,,,,,,,,,,,,,,,,,,,,,,,,,,,,,,,,,,,,,,,,,,
,,,,,,,,,,,,,,,,,,,,,,,,,,,,,,,,,,,,,,,,,,,,,,,,,,,,,,,,,,,,,,,,,,,,,,,,
,,,,,,,,,,,,,,,,,,,,,,,,,,,,,,,,,,,,,,,,,,,,,,,,,,,,,,,,,,,,,,,,,,,,,,,,
,,,,,,,,,,,,,,,,,,,,,,,,,,,,,,,,,,,,,,,,,,,,,,,,,,,,,,,,,,,,,,,,,,,,,,,,
,,,,,,,,,,,,,,,,,,,,,,,,,,,,,,,,,,,,,,,,,,,,,,,,,,,,,,,,,,,,,,,,,,,,,,,,
,,,,,,,,,,,,,,,,,,,,,,,,,,,,,,,,,,,,,,,,,,,,,,,,,,,,,,,,,,,,,,,,,,,,,,,,
,,,,,,,,,,,,,,,,,,,,,,,,,,,,,,,,,,,,,,,,,,,,,,,,,,,,,,,,,,,,,,,,,,,,,,,,
,,,,,,,,,,,,,,,,,,,,,,,,,,,,,,,,,,,,,,,,,,,,,,,,,,,,,,,,,,,,,,,,,,,,,,,,
,,,,,,,,,,,,,,,,,,,,,,,,,,,,,,,,,,,,,,,,,,,,,,,,,,,,,,,,,,,,,,,,,,,,,,,,
,,,,,,,,,,,,,,,,,,,,,,,,,,,,,,,,,,,,,,,,,,,,,,,,,,,,,,,,,,,,,,,,,,,,,,,,
,,,,,,,,,,,,,,,,,,,,,,,,,,,,,,,,,,,,,,,,,,,,,,,,,,,,,,,,,,,,,,,,,,,,,,,,
,,,,,,,,,,,,,,,,,,,,,,,,,,,,,,,,,,,,,,,,,,,,,,,,,,,,,,,,,,,,,,,,,,,,,,,,
,,,,,,,,,,,,,,,,,,,,,,,,,,,,,,,,,,,,,,,,,,,,,,,,,,,,,,,,,,,,,,,,,,,,,,,,
,,,,,,,,,,,,,,,,,,,,,,,,,,,,,,,,,,,,,,,,,,,,,,,,,,,,,,,,,,,,,,,,,,,,,,,,
,,,,,,,,,,,,,,,,,,,,,,,,,,,,,,,,,,,,,,,,,,,,,,,,,,,,,,,,,,,,,,,,,,,,,,,,
,,,,,,,,,,,,,,,,,,,,,,,,,,,,,,,,,,,,,,,,,,,,,,,,,,,,,,,,,,,,,,,,,,,,,,,,
,,,,,,,,,,,,,,,,,,,,,,,,,,,,,,,,,,,,,,,,,,,,,,,,,,,,,,,,,,,,,,,,,,,,,,,,
,,,,,,,,,,,,,,,,,,,,,,,,,,,,,,,,,,,,,,,,,,,,,,,,,,,,,,,,,,,,,,,,,,,,,,,,
,,,,,,,,,,,,,,,,,,,,,,,,,,,,,,,,,,,,,,,,,,,,,,,,,,,,,,,,,,,,,,,,,,,,,,,,
,,,,,,,,,,,,,,,,,,,,,,,,,,,,,,,,,,,,,,,,,,,,,,,,,,,,,,,,,,,,,,,,,,,,,,,,
,,,,,,,,,,,,,,,,,,,,,,,,,,,,,,,,,,,,,,,,,,,,,,,,,,,,,,,,,,,,,,,,,,,,,,,,
,,,,,,,,,,,,,,,,,,,,,,,,,,,,,,,,,,,,,,,,,,,,,,,,,,,,,,,,,,,,,,,,,,,,,,,,
,,,,,,,,,,,,,,,,,,,,,,,,,,,,,,,,,,,,,,,,,,,,,,,,,,,,,,,,,,,,,,,,,,,,,,,,
,,,,,,,,,,,,,,,,,,,,,,,,,,,,,,,,,,,,,,,,,,,,,,,,,,,,,,,,,,,,,,,,,,,,,,,,
,,,,,,,,,,,,,,,,,,,,,,,,,,,,,,,,,,,,,,,,,,,,,,,,,,,,,,,,,,,,,,,,,,,,,,,,
,,,,,,,,,,,,,,,,,,,,,,,,,,,,,,,,,,,,,,,,,,,,,,,,,,,,,,,,,,,,,,,,,,,,,,,,
,,,,,,,,,,,,,,,,,,,,,,,,,,,,,,,,,,,,,,,,,,,,,,,,,,,,,,,,,,,,,,,,,,,,,,,,
,,,,,,,,,,,,,,,,,,,,,,,,,,,,,,,,,,,,,,,,,,,,,,,,,,,,,,,,,,,,,,,,,,,,,,,,
,,,,,,,,,,,,,,,,,,,,,,,,,,,,,,,,,,,,,,,,,,,,,,,,,,,,,,,,,,,,,,,,,,,,,,,,
,,,,,,,,,,,,,,,,,,,,,,,,,,,,,,,,,,,,,,,,,,,,,,,,,,,,,,,,,,,,,,,,,,,,,,,,
,,,,,,,,,,,,,,,,,,,,,,,,,,,,,,,,,,,,,,,,,,,,,,,,,,,,,,,,,,,,,,,,,,,,,,,,
,,,,,,,,,,,,,,,,,,,,,,,,,,,,,,,,,,,,,,,,,,,,,,,,,,,,,,,,,,,,,,,,,,,,,,,,
,,,,,,,,,,,,,,,,,,,,,,,,,,,,,,,,,,,,,,,,,,,,,,,,,,,,,,,,,,,,,,,,,,,,,,,,
,,,,,,,,,,,,,,,,,,,,,,,,,,,,,,,,,,,,,,,,,,,,,,,,,,,,,,,,,,,,,,,,,,,,,,,,
,,,,,,,,,,,,,,,,,,,,,,,,,,,,,,,,,,,,,,,,,,,,,,,,,,,,,,,,,,,,,,,,,,,,,,,,
,,,,,,,,,,,,,,,,,,,,,,,,,,,,,,,,,,,,,,,,,,,,,,,,,,,,,,,,,,,,,,,,,,,,,,,,
,,,,,,,,,,,,,,,,,,,,,,,,,,,,,,,,,,,,,,,,,,,,,,,,,,,,,,,,,,,,,,,,,,,,,,,,
,,,,,,,,,,,,,,,,,,,,,,,,,,,,,,,,,,,,,,,,,,,,,,,,,,,,,,,,,,,,,,,,,,,,,,,,
,,,,,,,,,,,,,,,,,,,,,,,,,,,,,,,,,,,,,,,,,,,,,,,,,,,,,,,,,,,,,,,,,,,,,,,,
,,,,,,,,,,,,,,,,,,,,,,,,,,,,,,,,,,,,,,,,,,,,,,,,,,,,,,,,,,,,,,,,,,,,,,,,
,,,,,,,,,,,,,,,,,,,,,,,,,,,,,,,,,,,,,,,,,,,,,,,,,,,,,,,,,,,,,,,,,,,,,,,,
,,,,,,,,,,,,,,,,,,,,,,,,,,,,,,,,,,,,,,,,,,,,,,,,,,,,,,,,,,,,,,,,,,,,,,,,
,,,,,,,,,,,,,,,,,,,,,,,,,,,,,,,,,,,,,,,,,,,,,,,,,,,,,,,,,,,,,,,,,,,,,,,,
,,,,,,,,,,,,,,,,,,,,,,,,,,,,,,,,,,,,,,,,,,,,,,,,,,,,,,,,,,,,,,,,,,,,,,,,
,,,,,,,,,,,,,,,,,,,,,,,,,,,,,,,,,,,,,,,,,,,,,,,,,,,,,,,,,,,,,,,,,,,,,,,,
,,,,,,,,,,,,,,,,,,,,,,,,,,,,,,,,,,,,,,,,,,,,,,,,,,,,,,,,,,,,,,,,,,,,,,,,
,,,,,,,,,,,,,,,,,,,,,,,,,,,,,,,,,,,,,,,,,,,,,,,,,,,,,,,,,,,,,,,,,,,,,,,,
,,,,,,,,,,,,,,,,,,,,,,,,,,,,,,,,,,,,,,,,,,,,,,,,,,,,,,,,,,,,,,,,,,,,,,,,
,,,,,,,,,,,,,,,,,,,,,,,,,,,,,,,,,,,,,,,,,,,,,,,,,,,,,,,,,,,,,,,,,,,,,,,,
,,,,,,,,,,,,,,,,,,,,,,,,,,,,,,,,,,,,,,,,,,,,,,,,,,,,,,,,,,,,,,,,,,,,,,,,
,,,,,,,,,,,,,,,,,,,,,,,,,,,,,,,,,,,,,,,,,,,,,,,,,,,,,,,,,,,,,,,,,,,,,,,,
,,,,,,,,,,,,,,,,,,,,,,,,,,,,,,,,,,,,,,,,,,,,,,,,,,,,,,,,,,,,,,,,,,,,,,,,
,,,,,,,,,,,,,,,,,,,,,,,,,,,,,,,,,,,,,,,,,,,,,,,,,,,,,,,,,,,,,,,,,,,,,,,,
,,,,,,,,,,,,,,,,,,,,,,,,,,,,,,,,,,,,,,,,,,,,,,,,,,,,,,,,,,,,,,,,,,,,,,,,
,,,,,,,,,,,,,,,,,,,,,,,,,,,,,,,,,,,,,,,,,,,,,,,,,,,,,,,,,,,,,,,,,,,,,,,,
,,,,,,,,,,,,,,,,,,,,,,,,,,,,,,,,,,,,,,,,,,,,,,,,,,,,,,,,,,,,,,,,,,,,,,,,
,,,,,,,,,,,,,,,,,,,,,,,,,,,,,,,,,,,,,,,,,,,,,,,,,,,,,,,,,,,,,,,,,,,,,,,,
,,,,,,,,,,,,,,,,,,,,,,,,,,,,,,,,,,,,,,,,,,,,,,,,,,,,,,,,,,,,,,,,,,,,,,,,
,,,,,,,,,,,,,,,,,,,,,,,,,,,,,,,,,,,,,,,,,,,,,,,,,,,,,,,,,,,,,,,,,,,,,,,,
,,,,,,,,,,,,,,,,,,,,,,,,,,,,,,,,,,,,,,,,,,,,,,,,,,,,,,,,,,,,,,,,,,,,,,,,
,,,,,,,,,,,,,,,,,,,,,,,,,,,,,,,,,,,,,,,,,,,,,,,,,,,,,,,,,,,,,,,,,,,,,,,,
,,,,,,,,,,,,,,,,,,,,,,,,,,,,,,,,,,,,,,,,,,,,,,,,,,,,,,,,,,,,,,,,,,,,,,,,
,,,,,,,,,,,,,,,,,,,,,,,,,,,,,,,,,,,,,,,,,,,,,,,,,,,,,,,,,,,,,,,,,,,,,,,,
,,,,,,,,,,,,,,,,,,,,,,,,,,,,,,,,,,,,,,,,,,,,,,,,,,,,,,,,,,,,,,,,,,,,,,,,
,,,,,,,,,,,,,,,,,,,,,,,,,,,,,,,,,,,,,,,,,,,,,,,,,,,,,,,,,,,,,,,,,,,,,,,,
,,,,,,,,,,,,,,,,,,,,,,,,,,,,,,,,,,,,,,,,,,,,,,,,,,,,,,,,,,,,,,,,,,,,,,,,
,,,,,,,,,,,,,,,,,,,,,,,,,,,,,,,,,,,,,,,,,,,,,,,,,,,,,,,,,,,,,,,,,,,,,,,,
,,,,,,,,,,,,,,,,,,,,,,,,,,,,,,,,,,,,,,,,,,,,,,,,,,,,,,,,,,,,,,,,,,,,,,,,
,,,,,,,,,,,,,,,,,,,,,,,,,,,,,,,,,,,,,,,,,,,,,,,,,,,,,,,,,,,,,,,,,,,,,,,,
,,,,,,,,,,,,,,,,,,,,,,,,,,,,,,,,,,,,,,,,,,,,,,,,,,,,,,,,,,,,,,,,,,,,,,,,
,,,,,,,,,,,,,,,,,,,,,,,,,,,,,,,,,,,,,,,,,,,,,,,,,,,,,,,,,,,,,,,,,,,,,,,,
,,,,,,,,,,,,,,,,,,,,,,,,,,,,,,,,,,,,,,,,,,,,,,,,,,,,,,,,,,,,,,,,,,,,,,,,
,,,,,,,,,,,,,,,,,,,,,,,,,,,,,,,,,,,,,,,,,,,,,,,,,,,,,,,,,,,,,,,,,,,,,,,,
,,,,,,,,,,,,,,,,,,,,,,,,,,,,,,,,,,,,,,,,,,,,,,,,,,,,,,,,,,,,,,,,,,,,,,,,
,,,,,,,,,,,,,,,,,,,,,,,,,,,,,,,,,,,,,,,,,,,,,,,,,,,,,,,,,,,,,,,,,,,,,,,,
,,,,,,,,,,,,,,,,,,,,,,,,,,,,,,,,,,,,,,,,,,,,,,,,,,,,,,,,,,,,,,,,,,,,,,,,
,,,,,,,,,,,,,,,,,,,,,,,,,,,,,,,,,,,,,,,,,,,,,,,,,,,,,,,,,,,,,,,,,,,,,,,,
,,,,,,,,,,,,,,,,,,,,,,,,,,,,,,,,,,,,,,,,,,,,,,,,,,,,,,,,,,,,,,,,,,,,,,,,
,,,,,,,,,,,,,,,,,,,,,,,,,,,,,,,,,,,,,,,,,,,,,,,,,,,,,,,,,,,,,,,,,,,,,,,,
,,,,,,,,,,,,,,,,,,,,,,,,,,,,,,,,,,,,,,,,,,,,,,,,,,,,,,,,,,,,,,,,,,,,,,,,
,,,,,,,,,,,,,,,,,,,,,,,,,,,,,,,,,,,,,,,,,,,,,,,,,,,,,,,,,,,,,,,,,,,,,,,,
,,,,,,,,,,,,,,,,,,,,,,,,,,,,,,,,,,,,,,,,,,,,,,,,,,,,,,,,,,,,,,,,,,,,,,,,
,,,,,,,,,,,,,,,,,,,,,,,,,,,,,,,,,,,,,,,,,,,,,,,,,,,,,,,,,,,,,,,,,,,,,,,,
,,,,,,,,,,,,,,,,,,,,,,,,,,,,,,,,,,,,,,,,,,,,,,,,,,,,,,,,,,,,,,,,,,,,,,,,
,,,,,,,,,,,,,,,,,,,,,,,,,,,,,,,,,,,,,,,,,,,,,,,,,,,,,,,,,,,,,,,,,,,,,,,,
,,,,,,,,,,,,,,,,,,,,,,,,,,,,,,,,,,,,,,,,,,,,,,,,,,,,,,,,,,,,,,,,,,,,,,,,
,,,,,,,,,,,,,,,,,,,,,,,,,,,,,,,,,,,,,,,,,,,,,,,,,,,,,,,,,,,,,,,,,,,,,,,,
,,,,,,,,,,,,,,,,,,,,,,,,,,,,,,,,,,,,,,,,,,,,,,,,,,,,,,,,,,,,,,,,,,,,,,,,
,,,,,,,,,,,,,,,,,,,,,,,,,,,,,,,,,,,,,,,,,,,,,,,,,,,,,,,,,,,,,,,,,,,,,,,,
,,,,,,,,,,,,,,,,,,,,,,,,,,,,,,,,,,,,,,,,,,,,,,,,,,,,,,,,,,,,,,,,,,,,,,,,
,,,,,,,,,,,,,,,,,,,,,,,,,,,,,,,,,,,,,,,,,,,,,,,,,,,,,,,,,,,,,,,,,,,,,,,,
,,,,,,,,,,,,,,,,,,,,,,,,,,,,,,,,,,,,,,,,,,,,,,,,,,,,,,,,,,,,,,,,,,,,,,,,
,,,,,,,,,,,,,,,,,,,,,,,,,,,,,,,,,,,,,,,,,,,,,,,,,,,,,,,,,,,,,,,,,,,,,,,,
,,,,,,,,,,,,,,,,,,,,,,,,,,,,,,,,,,,,,,,,,,,,,,,,,,,,,,,,,,,,,,,,,,,,,,,,
,,,,,,,,,,,,,,,,,,,,,,,,,,,,,,,,,,,,,,,,,,,,,,,,,,,,,,,,,,,,,,,,,,,,,,,,
,,,,,,,,,,,,,,,,,,,,,,,,,,,,,,,,,,,,,,,,,,,,,,,,,,,,,,,,,,,,,,,,,,,,,,,,
,,,,,,,,,,,,,,,,,,,,,,,,,,,,,,,,,,,,,,,,,,,,,,,,,,,,,,,,,,,,,,,,,,,,,,,,
,,,,,,,,,,,,,,,,,,,,,,,,,,,,,,,,,,,,,,,,,,,,,,,,,,,,,,,,,,,,,,,,,,,,,,,,
,,,,,,,,,,,,,,,,,,,,,,,,,,,,,,,,,,,,,,,,,,,,,,,,,,,,,,,,,,,,,,,,,,,,,,,,
,,,,,,,,,,,,,,,,,,,,,,,,,,,,,,,,,,,,,,,,,,,,,,,,,,,,,,,,,,,,,,,,,,,,,,,,
,,,,,,,,,,,,,,,,,,,,,,,,,,,,,,,,,,,,,,,,,,,,,,,,,,,,,,,,,,,,,,,,,,,,,,,,
,,,,,,,,,,,,,,,,,,,,,,,,,,,,,,,,,,,,,,,,,,,,,,,,,,,,,,,,,,,,,,,,,,,,,,,,
,,,,,,,,,,,,,,,,,,,,,,,,,,,,,,,,,,,,,,,,,,,,,,,,,,,,,,,,,,,,,,,,,,,,,,,,
,,,,,,,,,,,,,,,,,,,,,,,,,,,,,,,,,,,,,,,,,,,,,,,,,,,,,,,,,,,,,,,,,,,,,,,,
,,,,,,,,,,,,,,,,,,,,,,,,,,,,,,,,,,,,,,,,,,,,,,,,,,,,,,,,,,,,,,,,,,,,,,,,
,,,,,,,,,,,,,,,,,,,,,,,,,,,,,,,,,,,,,,,,,,,,,,,,,,,,,,,,,,,,,,,,,,,,,,,,
,,,,,,,,,,,,,,,,,,,,,,,,,,,,,,,,,,,,,,,,,,,,,,,,,,,,,,,,,,,,,,,,,,,,,,,,
,,,,,,,,,,,,,,,,,,,,,,,,,,,,,,,,,,,,,,,,,,,,,,,,,,,,,,,,,,,,,,,,,,,,,,,,
,,,,,,,,,,,,,,,,,,,,,,,,,,,,,,,,,,,,,,,,,,,,,,,,,,,,,,,,,,,,,,,,,,,,,,,,
,,,,,,,,,,,,,,,,,,,,,,,,,,,,,,,,,,,,,,,,,,,,,,,,,,,,,,,,,,,,,,,,,,,,,,,,
,,,,,,,,,,,,,,,,,,,,,,,,,,,,,,,,,,,,,,,,,,,,,,,,,,,,,,,,,,,,,,,,,,,,,,,,
,,,,,,,,,,,,,,,,,,,,,,,,,,,,,,,,,,,,,,,,,,,,,,,,,,,,,,,,,,,,,,,,,,,,,,,,
,,,,,,,,,,,,,,,,,,,,,,,,,,,,,,,,,,,,,,,,,,,,,,,,,,,,,,,,,,,,,,,,,,,,,,,,
,,,,,,,,,,,,,,,,,,,,,,,,,,,,,,,,,,,,,,,,,,,,,,,,,,,,,,,,,,,,,,,,,,,,,,,,
,,,,,,,,,,,,,,,,,,,,,,,,,,,,,,,,,,,,,,,,,,,,,,,,,,,,,,,,,,,,,,,,,,,,,,,,
,,,,,,,,,,,,,,,,,,,,,,,,,,,,,,,,,,,,,,,,,,,,,,,,,,,,,,,,,,,,,,,,,,,,,,,,
,,,,,,,,,,,,,,,,,,,,,,,,,,,,,,,,,,,,,,,,,,,,,,,,,,,,,,,,,,,,,,,,,,,,,,,,
,,,,,,,,,,,,,,,,,,,,,,,,,,,,,,,,,,,,,,,,,,,,,,,,,,,,,,,,,,,,,,,,,,,,,,,,
,,,,,,,,,,,,,,,,,,,,,,,,,,,,,,,,,,,,,,,,,,,,,,,,,,,,,,,,,,,,,,,,,,,,,,,,
,,,,,,,,,,,,,,,,,,,,,,,,,,,,,,,,,,,,,,,,,,,,,,,,,,,,,,,,,,,,,,,,,,,,,,,,
,,,,,,,,,,,,,,,,,,,,,,,,,,,,,,,,,,,,,,,,,,,,,,,,,,,,,,,,,,,,,,,,,,,,,,,,
,,,,,,,,,,,,,,,,,,,,,,,,,,,,,,,,,,,,,,,,,,,,,,,,,,,,,,,,,,,,,,,,,,,,,,,,
,,,,,,,,,,,,,,,,,,,,,,,,,,,,,,,,,,,,,,,,,,,,,,,,,,,,,,,,,,,,,,,,,,,,,,,,
,,,,,,,,,,,,,,,,,,,,,,,,,,,,,,,,,,,,,,,,,,,,,,,,,,,,,,,,,,,,,,,,,,,,,,,,
,,,,,,,,,,,,,,,,,,,,,,,,,,,,,,,,,,,,,,,,,,,,,,,,,,,,,,,,,,,,,,,,,,,,,,,,
,,,,,,,,,,,,,,,,,,,,,,,,,,,,,,,,,,,,,,,,,,,,,,,,,,,,,,,,,,,,,,,,,,,,,,,,
,,,,,,,,,,,,,,,,,,,,,,,,,,,,,,,,,,,,,,,,,,,,,,,,,,,,,,,,,,,,,,,,,,,,,,,,
,,,,,,,,,,,,,,,,,,,,,,,,,,,,,,,,,,,,,,,,,,,,,,,,,,,,,,,,,,,,,,,,,,,,,,,,
,,,,,,,,,,,,,,,,,,,,,,,,,,,,,,,,,,,,,,,,,,,,,,,,,,,,,,,,,,,,,,,,,,,,,,,,
,,,,,,,,,,,,,,,,,,,,,,,,,,,,,,,,,,,,,,,,,,,,,,,,,,,,,,,,,,,,,,,,,,,,,,,,
,,,,,,,,,,,,,,,,,,,,,,,,,,,,,,,,,,,,,,,,,,,,,,,,,,,,,,,,,,,,,,,,,,,,,,,,
,,,,,,,,,,,,,,,,,,,,,,,,,,,,,,,,,,,,,,,,,,,,,,,,,,,,,,,,,,,,,,,,,,,,,,,,
,,,,,,,,,,,,,,,,,,,,,,,,,,,,,,,,,,,,,,,,,,,,,,,,,,,,,,,,,,,,,,,,,,,,,,,,
,,,,,,,,,,,,,,,,,,,,,,,,,,,,,,,,,,,,,,,,,,,,,,,,,,,,,,,,,,,,,,,,,,,,,,,,
,,,,,,,,,,,,,,,,,,,,,,,,,,,,,,,,,,,,,,,,,,,,,,,,,,,,,,,,,,,,,,,,,,,,,,,,
,,,,,,,,,,,,,,,,,,,,,,,,,,,,,,,,,,,,,,,,,,,,,,,,,,,,,,,,,,,,,,,,,,,,,,,,
,,,,,,,,,,,,,,,,,,,,,,,,,,,,,,,,,,,,,,,,,,,,,,,,,,,,,,,,,,,,,,,,,,,,,,,,
,,,,,,,,,,,,,,,,,,,,,,,,,,,,,,,,,,,,,,,,,,,,,,,,,,,,,,,,,,,,,,,,,,,,,,,,
,,,,,,,,,,,,,,,,,,,,,,,,,,,,,,,,,,,,,,,,,,,,,,,,,,,,,,,,,,,,,,,,,,,,,,,,
,,,,,,,,,,,,,,,,,,,,,,,,,,,,,,,,,,,,,,,,,,,,,,,,,,,,,,,,,,,,,,,,,,,,,,,,
,,,,,,,,,,,,,,,,,,,,,,,,,,,,,,,,,,,,,,,,,,,,,,,,,,,,,,,,,,,,,,,,,,,,,,,,
,,,,,,,,,,,,,,,,,,,,,,,,,,,,,,,,,,,,,,,,,,,,,,,,,,,,,,,,,,,,,,,,,,,,,,,,
,,,,,,,,,,,,,,,,,,,,,,,,,,,,,,,,,,,,,,,,,,,,,,,,,,,,,,,,,,,,,,,,,,,,,,,,
,,,,,,,,,,,,,,,,,,,,,,,,,,,,,,,,,,,,,,,,,,,,,,,,,,,,,,,,,,,,,,,,,,,,,,,,
,,,,,,,,,,,,,,,,,,,,,,,,,,,,,,,,,,,,,,,,,,,,,,,,,,,,,,,,,,,,,,,,,,,,,,,,
,,,,,,,,,,,,,,,,,,,,,,,,,,,,,,,,,,,,,,,,,,,,,,,,,,,,,,,,,,,,,,,,,,,,,,,,
,,,,,,,,,,,,,,,,,,,,,,,,,,,,,,,,,,,,,,,,,,,,,,,,,,,,,,,,,,,,,,,,,,,,,,,,
,,,,,,,,,,,,,,,,,,,,,,,,,,,,,,,,,,,,,,,,,,,,,,,,,,,,,,,,,,,,,,,,,,,,,,,,
,,,,,,,,,,,,,,,,,,,,,,,,,,,,,,,,,,,,,,,,,,,,,,,,,,,,,,,,,,,,,,,,,,,,,,,,
,,,,,,,,,,,,,,,,,,,,,,,,,,,,,,,,,,,,,,,,,,,,,,,,,,,,,,,,,,,,,,,,,,,,,,,,
,,,,,,,,,,,,,,,,,,,,,,,,,,,,,,,,,,,,,,,,,,,,,,,,,,,,,,,,,,,,,,,,,,,,,,,,
,,,,,,,,,,,,,,,,,,,,,,,,,,,,,,,,,,,,,,,,,,,,,,,,,,,,,,,,,,,,,,,,,,,,,,,,
,,,,,,,,,,,,,,,,,,,,,,,,,,,,,,,,,,,,,,,,,,,,,,,,,,,,,,,,,,,,,,,,,,,,,,,,
,,,,,,,,,,,,,,,,,,,,,,,,,,,,,,,,,,,,,,,,,,,,,,,,,,,,,,,,,,,,,,,,,,,,,,,,
,,,,,,,,,,,,,,,,,,,,,,,,,,,,,,,,,,,,,,,,,,,,,,,,,,,,,,,,,,,,,,,,,,,,,,,,
,,,,,,,,,,,,,,,,,,,,,,,,,,,,,,,,,,,,,,,,,,,,,,,,,,,,,,,,,,,,,,,,,,,,,,,,
,,,,,,,,,,,,,,,,,,,,,,,,,,,,,,,,,,,,,,,,,,,,,,,,,,,,,,,,,,,,,,,,,,,,,,,,
,,,,,,,,,,,,,,,,,,,,,,,,,,,,,,,,,,,,,,,,,,,,,,,,,,,,,,,,,,,,,,,,,,,,,,,,
,,,,,,,,,,,,,,,,,,,,,,,,,,,,,,,,,,,,,,,,,,,,,,,,,,,,,,,,,,,,,,,,,,,,,,,,
,,,,,,,,,,,,,,,,,,,,,,,,,,,,,,,,,,,,,,,,,,,,,,,,,,,,,,,,,,,,,,,,,,,,,,,,
,,,,,,,,,,,,,,,,,,,,,,,,,,,,,,,,,,,,,,,,,,,,,,,,,,,,,,,,,,,,,,,,,,,,,,,,
,,,,,,,,,,,,,,,,,,,,,,,,,,,,,,,,,,,,,,,,,,,,,,,,,,,,,,,,,,,,,,,,,,,,,,,,
,,,,,,,,,,,,,,,,,,,,,,,,,,,,,,,,,,,,,,,,,,,,,,,,,,,,,,,,,,,,,,,,,,,,,,,,
,,,,,,,,,,,,,,,,,,,,,,,,,,,,,,,,,,,,,,,,,,,,,,,,,,,,,,,,,,,,,,,,,,,,,,,,
,,,,,,,,,,,,,,,,,,,,,,,,,,,,,,,,,,,,,,,,,,,,,,,,,,,,,,,,,,,,,,,,,,,,,,,,
,,,,,,,,,,,,,,,,,,,,,,,,,,,,,,,,,,,,,,,,,,,,,,,,,,,,,,,,,,,,,,,,,,,,,,,,
,,,,,,,,,,,,,,,,,,,,,,,,,,,,,,,,,,,,,,,,,,,,,,,,,,,,,,,,,,,,,,,,,,,,,,,,
,,,,,,,,,,,,,,,,,,,,,,,,,,,,,,,,,,,,,,,,,,,,,,,,,,,,,,,,,,,,,,,,,,,,,,,,
,,,,,,,,,,,,,,,,,,,,,,,,,,,,,,,,,,,,,,,,,,,,,,,,,,,,,,,,,,,,,,,,,,,,,,,,
,,,,,,,,,,,,,,,,,,,,,,,,,,,,,,,,,,,,,,,,,,,,,,,,,,,,,,,,,,,,,,,,,,,,,,,,
,,,,,,,,,,,,,,,,,,,,,,,,,,,,,,,,,,,,,,,,,,,,,,,,,,,,,,,,,,,,,,,,,,,,,,,,
,,,,,,,,,,,,,,,,,,,,,,,,,,,,,,,,,,,,,,,,,,,,,,,,,,,,,,,,,,,,,,,,,,,,,,,,
,,,,,,,,,,,,,,,,,,,,,,,,,,,,,,,,,,,,,,,,,,,,,,,,,,,,,,,,,,,,,,,,,,,,,,,,
,,,,,,,,,,,,,,,,,,,,,,,,,,,,,,,,,,,,,,,,,,,,,,,,,,,,,,,,,,,,,,,,,,,,,,,,
,,,,,,,,,,,,,,,,,,,,,,,,,,,,,,,,,,,,,,,,,,,,,,,,,,,,,,,,,,,,,,,,,,,,,,,,
,,,,,,,,,,,,,,,,,,,,,,,,,,,,,,,,,,,,,,,,,,,,,,,,,,,,,,,,,,,,,,,,,,,,,,,,
,,,,,,,,,,,,,,,,,,,,,,,,,,,,,,,,,,,,,,,,,,,,,,,,,,,,,,,,,,,,,,,,,,,,,,,,
,,,,,,,,,,,,,,,,,,,,,,,,,,,,,,,,,,,,,,,,,,,,,,,,,,,,,,,,,,,,,,,,,,,,,,,,
,,,,,,,,,,,,,,,,,,,,,,,,,,,,,,,,,,,,,,,,,,,,,,,,,,,,,,,,,,,,,,,,,,,,,,,,
,,,,,,,,,,,,,,,,,,,,,,,,,,,,,,,,,,,,,,,,,,,,,,,,,,,,,,,,,,,,,,,,,,,,,,,,
,,,,,,,,,,,,,,,,,,,,,,,,,,,,,,,,,,,,,,,,,,,,,,,,,,,,,,,,,,,,,,,,,,,,,,,,
,,,,,,,,,,,,,,,,,,,,,,,,,,,,,,,,,,,,,,,,,,,,,,,,,,,,,,,,,,,,,,,,,,,,,,,,
,,,,,,,,,,,,,,,,,,,,,,,,,,,,,,,,,,,,,,,,,,,,,,,,,,,,,,,,,,,,,,,,,,,,,,,,
,,,,,,,,,,,,,,,,,,,,,,,,,,,,,,,,,,,,,,,,,,,,,,,,,,,,,,,,,,,,,,,,,,,,,,,,
,,,,,,,,,,,,,,,,,,,,,,,,,,,,,,,,,,,,,,,,,,,,,,,,,,,,,,,,,,,,,,,,,,,,,,,,
,,,,,,,,,,,,,,,,,,,,,,,,,,,,,,,,,,,,,,,,,,,,,,,,,,,,,,,,,,,,,,,,,,,,,,,,
,,,,,,,,,,,,,,,,,,,,,,,,,,,,,,,,,,,,,,,,,,,,,,,,,,,,,,,,,,,,,,,,,,,,,,,,
,,,,,,,,,,,,,,,,,,,,,,,,,,,,,,,,,,,,,,,,,,,,,,,,,,,,,,,,,,,,,,,,,,,,,,,,
,,,,,,,,,,,,,,,,,,,,,,,,,,,,,,,,,,,,,,,,,,,,,,,,,,,,,,,,,,,,,,,,,,,,,,,,
,,,,,,,,,,,,,,,,,,,,,,,,,,,,,,,,,,,,,,,,,,,,,,,,,,,,,,,,,,,,,,,,,,,,,,,,
,,,,,,,,,,,,,,,,,,,,,,,,,,,,,,,,,,,,,,,,,,,,,,,,,,,,,,,,,,,,,,,,,,,,,,,,
,,,,,,,,,,,,,,,,,,,,,,,,,,,,,,,,,,,,,,,,,,,,,,,,,,,,,,,,,,,,,,,,,,,,,,,,
,,,,,,,,,,,,,,,,,,,,,,,,,,,,,,,,,,,,,,,,,,,,,,,,,,,,,,,,,,,,,,,,,,,,,,,,
,,,,,,,,,,,,,,,,,,,,,,,,,,,,,,,,,,,,,,,,,,,,,,,,,,,,,,,,,,,,,,,,,,,,,,,,
,,,,,,,,,,,,,,,,,,,,,,,,,,,,,,,,,,,,,,,,,,,,,,,,,,,,,,,,,,,,,,,,,,,,,,,,
,,,,,,,,,,,,,,,,,,,,,,,,,,,,,,,,,,,,,,,,,,,,,,,,,,,,,,,,,,,,,,,,,,,,,,,,
,,,,,,,,,,,,,,,,,,,,,,,,,,,,,,,,,,,,,,,,,,,,,,,,,,,,,,,,,,,,,,,,,,,,,,,,
,,,,,,,,,,,,,,,,,,,,,,,,,,,,,,,,,,,,,,,,,,,,,,,,,,,,,,,,,,,,,,,,,,,,,,,,
,,,,,,,,,,,,,,,,,,,,,,,,,,,,,,,,,,,,,,,,,,,,,,,,,,,,,,,,,,,,,,,,,,,,,,,,
,,,,,,,,,,,,,,,,,,,,,,,,,,,,,,,,,,,,,,,,,,,,,,,,,,,,,,,,,,,,,,,,,,,,,,,,
,,,,,,,,,,,,,,,,,,,,,,,,,,,,,,,,,,,,,,,,,,,,,,,,,,,,,,,,,,,,,,,,,,,,,,,,
,,,,,,,,,,,,,,,,,,,,,,,,,,,,,,,,,,,,,,,,,,,,,,,,,,,,,,,,,,,,,,,,,,,,,,,,
,,,,,,,,,,,,,,,,,,,,,,,,,,,,,,,,,,,,,,,,,,,,,,,,,,,,,,,,,,,,,,,,,,,,,,,,
,,,,,,,,,,,,,,,,,,,,,,,,,,,,,,,,,,,,,,,,,,,,,,,,,,,,,,,,,,,,,,,,,,,,,,,,
,,,,,,,,,,,,,,,,,,,,,,,,,,,,,,,,,,,,,,,,,,,,,,,,,,,,,,,,,,,,,,,,,,,,,,,,
,,,,,,,,,,,,,,,,,,,,,,,,,,,,,,,,,,,,,,,,,,,,,,,,,,,,,,,,,,,,,,,,,,,,,,,,
,,,,,,,,,,,,,,,,,,,,,,,,,,,,,,,,,,,,,,,,,,,,,,,,,,,,,,,,,,,,,,,,,,,,,,,,
,,,,,,,,,,,,,,,,,,,,,,,,,,,,,,,,,,,,,,,,,,,,,,,,,,,,,,,,,,,,,,,,,,,,,,,,
,,,,,,,,,,,,,,,,,,,,,,,,,,,,,,,,,,,,,,,,,,,,,,,,,,,,,,,,,,,,,,,,,,,,,,,,
,,,,,,,,,,,,,,,,,,,,,,,,,,,,,,,,,,,,,,,,,,,,,,,,,,,,,,,,,,,,,,,,,,,,,,,,
,,,,,,,,,,,,,,,,,,,,,,,,,,,,,,,,,,,,,,,,,,,,,,,,,,,,,,,,,,,,,,,,,,,,,,,,
,,,,,,,,,,,,,,,,,,,,,,,,,,,,,,,,,,,,,,,,,,,,,,,,,,,,,,,,,,,,,,,,,,,,,,,,
,,,,,,,,,,,,,,,,,,,,,,,,,,,,,,,,,,,,,,,,,,,,,,,,,,,,,,,,,,,,,,,,,,,,,,,,
,,,,,,,,,,,,,,,,,,,,,,,,,,,,,,,,,,,,,,,,,,,,,,,,,,,,,,,,,,,,,,,,,,,,,,,,
,,,,,,,,,,,,,,,,,,,,,,,,,,,,,,,,,,,,,,,,,,,,,,,,,,,,,,,,,,,,,,,,,,,,,,,,
,,,,,,,,,,,,,,,,,,,,,,,,,,,,,,,,,,,,,,,,,,,,,,,,,,,,,,,,,,,,,,,,,,,,,,,,
,,,,,,,,,,,,,,,,,,,,,,,,,,,,,,,,,,,,,,,,,,,,,,,,,,,,,,,,,,,,,,,,,,,,,,,,
,,,,,,,,,,,,,,,,,,,,,,,,,,,,,,,,,,,,,,,,,,,,,,,,,,,,,,,,,,,,,,,,,,,,,,,,
,,,,,,,,,,,,,,,,,,,,,,,,,,,,,,,,,,,,,,,,,,,,,,,,,,,,,,,,,,,,,,,,,,,,,,,,
,,,,,,,,,,,,,,,,,,,,,,,,,,,,,,,,,,,,,,,,,,,,,,,,,,,,,,,,,,,,,,,,,,,,,,,,
,,,,,,,,,,,,,,,,,,,,,,,,,,,,,,,,,,,,,,,,,,,,,,,,,,,,,,,,,,,,,,,,,,,,,,,,
,,,,,,,,,,,,,,,,,,,,,,,,,,,,,,,,,,,,,,,,,,,,,,,,,,,,,,,,,,,,,,,,,,,,,,,,
,,,,,,,,,,,,,,,,,,,,,,,,,,,,,,,,,,,,,,,,,,,,,,,,,,,,,,,,,,,,,,,,,,,,,,,,
,,,,,,,,,,,,,,,,,,,,,,,,,,,,,,,,,,,,,,,,,,,,,,,,,,,,,,,,,,,,,,,,,,,,,,,,
,,,,,,,,,,,,,,,,,,,,,,,,,,,,,,,,,,,,,,,,,,,,,,,,,,,,,,,,,,,,,,,,,,,,,,,,
,,,,,,,,,,,,,,,,,,,,,,,,,,,,,,,,,,,,,,,,,,,,,,,,,,,,,,,,,,,,,,,,,,,,,,,,
,,,,,,,,,,,,,,,,,,,,,,,,,,,,,,,,,,,,,,,,,,,,,,,,,,,,,,,,,,,,,,,,,,,,,,,,
,,,,,,,,,,,,,,,,,,,,,,,,,,,,,,,,,,,,,,,,,,,,,,,,,,,,,,,,,,,,,,,,,,,,,,,,
,,,,,,,,,,,,,,,,,,,,,,,,,,,,,,,,,,,,,,,,,,,,,,,,,,,,,,,,,,,,,,,,,,,,,,,,
,,,,,,,,,,,,,,,,,,,,,,,,,,,,,,,,,,,,,,,,,,,,,,,,,,,,,,,,,,,,,,,,,,,,,,,,
,,,,,,,,,,,,,,,,,,,,,,,,,,,,,,,,,,,,,,,,,,,,,,,,,,,,,,,,,,,,,,,,,,,,,,,,
,,,,,,,,,,,,,,,,,,,,,,,,,,,,,,,,,,,,,,,,,,,,,,,,,,,,,,,,,,,,,,,,,,,,,,,,
,,,,,,,,,,,,,,,,,,,,,,,,,,,,,,,,,,,,,,,,,,,,,,,,,,,,,,,,,,,,,,,,,,,,,,,,
,,,,,,,,,,,,,,,,,,,,,,,,,,,,,,,,,,,,,,,,,,,,,,,,,,,,,,,,,,,,,,,,,,,,,,,,
,,,,,,,,,,,,,,,,,,,,,,,,,,,,,,,,,,,,,,,,,,,,,,,,,,,,,,,,,,,,,,,,,,,,,,,,
,,,,,,,,,,,,,,,,,,,,,,,,,,,,,,,,,,,,,,,,,,,,,,,,,,,,,,,,,,,,,,,,,,,,,,,,
,,,,,,,,,,,,,,,,,,,,,,,,,,,,,,,,,,,,,,,,,,,,,,,,,,,,,,,,,,,,,,,,,,,,,,,,
,,,,,,,,,,,,,,,,,,,,,,,,,,,,,,,,,,,,,,,,,,,,,,,,,,,,,,,,,,,,,,,,,,,,,,,,
,,,,,,,,,,,,,,,,,,,,,,,,,,,,,,,,,,,,,,,,,,,,,,,,,,,,,,,,,,,,,,,,,,,,,,,,
,,,,,,,,,,,,,,,,,,,,,,,,,,,,,,,,,,,,,,,,,,,,,,,,,,,,,,,,,,,,,,,,,,,,,,,,
,,,,,,,,,,,,,,,,,,,,,,,,,,,,,,,,,,,,,,,,,,,,,,,,,,,,,,,,,,,,,,,,,,,,,,,,
,,,,,,,,,,,,,,,,,,,,,,,,,,,,,,,,,,,,,,,,,,,,,,,,,,,,,,,,,,,,,,,,,,,,,,,,
,,,,,,,,,,,,,,,,,,,,,,,,,,,,,,,,,,,,,,,,,,,,,,,,,,,,,,,,,,,,,,,,,,,,,,,,
,,,,,,,,,,,,,,,,,,,,,,,,,,,,,,,,,,,,,,,,,,,,,,,,,,,,,,,,,,,,,,,,,,,,,,,,
,,,,,,,,,,,,,,,,,,,,,,,,,,,,,,,,,,,,,,,,,,,,,,,,,,,,,,,,,,,,,,,,,,,,,,,,
,,,,,,,,,,,,,,,,,,,,,,,,,,,,,,,,,,,,,,,,,,,,,,,,,,,,,,,,,,,,,,,,,,,,,,,,
,,,,,,,,,,,,,,,,,,,,,,,,,,,,,,,,,,,,,,,,,,,,,,,,,,,,,,,,,,,,,,,,,,,,,,,,
,,,,,,,,,,,,,,,,,,,,,,,,,,,,,,,,,,,,,,,,,,,,,,,,,,,,,,,,,,,,,,,,,,,,,,,,
,,,,,,,,,,,,,,,,,,,,,,,,,,,,,,,,,,,,,,,,,,,,,,,,,,,,,,,,,,,,,,,,,,,,,,,,
,,,,,,,,,,,,,,,,,,,,,,,,,,,,,,,,,,,,,,,,,,,,,,,,,,,,,,,,,,,,,,,,,,,,,,,,
,,,,,,,,,,,,,,,,,,,,,,,,,,,,,,,,,,,,,,,,,,,,,,,,,,,,,,,,,,,,,,,,,,,,,,,,
,,,,,,,,,,,,,,,,,,,,,,,,,,,,,,,,,,,,,,,,,,,,,,,,,,,,,,,,,,,,,,,,,,,,,,,,
,,,,,,,,,,,,,,,,,,,,,,,,,,,,,,,,,,,,,,,,,,,,,,,,,,,,,,,,,,,,,,,,,,,,,,,,
,,,,,,,,,,,,,,,,,,,,,,,,,,,,,,,,,,,,,,,,,,,,,,,,,,,,,,,,,,,,,,,,,,,,,,,,
,,,,,,,,,,,,,,,,,,,,,,,,,,,,,,,,,,,,,,,,,,,,,,,,,,,,,,,,,,,,,,,,,,,,,,,,
,,,,,,,,,,,,,,,,,,,,,,,,,,,,,,,,,,,,,,,,,,,,,,,,,,,,,,,,,,,,,,,,,,,,,,,,
,,,,,,,,,,,,,,,,,,,,,,,,,,,,,,,,,,,,,,,,,,,,,,,,,,,,,,,,,,,,,,,,,,,,,,,,
,,,,,,,,,,,,,,,,,,,,,,,,,,,,,,,,,,,,,,,,,,,,,,,,,,,,,,,,,,,,,,,,,,,,,,,,
,,,,,,,,,,,,,,,,,,,,,,,,,,,,,,,,,,,,,,,,,,,,,,,,,,,,,,,,,,,,,,,,,,,,,,,,
,,,,,,,,,,,,,,,,,,,,,,,,,,,,,,,,,,,,,,,,,,,,,,,,,,,,,,,,,,,,,,,,,,,,,,,,
,,,,,,,,,,,,,,,,,,,,,,,,,,,,,,,,,,,,,,,,,,,,,,,,,,,,,,,,,,,,,,,,,,,,,,,,
,,,,,,,,,,,,,,,,,,,,,,,,,,,,,,,,,,,,,,,,,,,,,,,,,,,,,,,,,,,,,,,,,,,,,,,,
,,,,,,,,,,,,,,,,,,,,,,,,,,,,,,,,,,,,,,,,,,,,,,,,,,,,,,,,,,,,,,,,,,,,,,,,
,,,,,,,,,,,,,,,,,,,,,,,,,,,,,,,,,,,,,,,,,,,,,,,,,,,,,,,,,,,,,,,,,,,,,,,,
,,,,,,,,,,,,,,,,,,,,,,,,,,,,,,,,,,,,,,,,,,,,,,,,,,,,,,,,,,,,,,,,,,,,,,,,
,,,,,,,,,,,,,,,,,,,,,,,,,,,,,,,,,,,,,,,,,,,,,,,,,,,,,,,,,,,,,,,,,,,,,,,,
,,,,,,,,,,,,,,,,,,,,,,,,,,,,,,,,,,,,,,,,,,,,,,,,,,,,,,,,,,,,,,,,,,,,,,,,
,,,,,,,,,,,,,,,,,,,,,,,,,,,,,,,,,,,,,,,,,,,,,,,,,,,,,,,,,,,,,,,,,,,,,,,,
,,,,,,,,,,,,,,,,,,,,,,,,,,,,,,,,,,,,,,,,,,,,,,,,,,,,,,,,,,,,,,,,,,,,,,,,
,,,,,,,,,,,,,,,,,,,,,,,,,,,,,,,,,,,,,,,,,,,,,,,,,,,,,,,,,,,,,,,,,,,,,,,,
,,,,,,,,,,,,,,,,,,,,,,,,,,,,,,,,,,,,,,,,,,,,,,,,,,,,,,,,,,,,,,,,,,,,,,,,
,,,,,,,,,,,,,,,,,,,,,,,,,,,,,,,,,,,,,,,,,,,,,,,,,,,,,,,,,,,,,,,,,,,,,,,,
,,,,,,,,,,,,,,,,,,,,,,,,,,,,,,,,,,,,,,,,,,,,,,,,,,,,,,,,,,,,,,,,,,,,,,,,
,,,,,,,,,,,,,,,,,,,,,,,,,,,,,,,,,,,,,,,,,,,,,,,,,,,,,,,,,,,,,,,,,,,,,,,,
,,,,,,,,,,,,,,,,,,,,,,,,,,,,,,,,,,,,,,,,,,,,,,,,,,,,,,,,,,,,,,,,,,,,,,,,
,,,,,,,,,,,,,,,,,,,,,,,,,,,,,,,,,,,,,,,,,,,,,,,,,,,,,,,,,,,,,,,,,,,,,,,,
,,,,,,,,,,,,,,,,,,,,,,,,,,,,,,,,,,,,,,,,,,,,,,,,,,,,,,,,,,,,,,,,,,,,,,,,
,,,,,,,,,,,,,,,,,,,,,,,,,,,,,,,,,,,,,,,,,,,,,,,,,,,,,,,,,,,,,,,,,,,,,,,,
,,,,,,,,,,,,,,,,,,,,,,,,,,,,,,,,,,,,,,,,,,,,,,,,,,,,,,,,,,,,,,,,,,,,,,,,
,,,,,,,,,,,,,,,,,,,,,,,,,,,,,,,,,,,,,,,,,,,,,,,,,,,,,,,,,,,,,,,,,,,,,,,,
,,,,,,,,,,,,,,,,,,,,,,,,,,,,,,,,,,,,,,,,,,,,,,,,,,,,,,,,,,,,,,,,,,,,,,,,
,,,,,,,,,,,,,,,,,,,,,,,,,,,,,,,,,,,,,,,,,,,,,,,,,,,,,,,,,,,,,,,,,,,,,,,,
,,,,,,,,,,,,,,,,,,,,,,,,,,,,,,,,,,,,,,,,,,,,,,,,,,,,,,,,,,,,,,,,,,,,,,,,
,,,,,,,,,,,,,,,,,,,,,,,,,,,,,,,,,,,,,,,,,,,,,,,,,,,,,,,,,,,,,,,,,,,,,,,,
,,,,,,,,,,,,,,,,,,,,,,,,,,,,,,,,,,,,,,,,,,,,,,,,,,,,,,,,,,,,,,,,,,,,,,,,
,,,,,,,,,,,,,,,,,,,,,,,,,,,,,,,,,,,,,,,,,,,,,,,,,,,,,,,,,,,,,,,,,,,,,,,,
,,,,,,,,,,,,,,,,,,,,,,,,,,,,,,,,,,,,,,,,,,,,,,,,,,,,,,,,,,,,,,,,,,,,,,,,
,,,,,,,,,,,,,,,,,,,,,,,,,,,,,,,,,,,,,,,,,,,,,,,,,,,,,,,,,,,,,,,,,,,,,,,,
,,,,,,,,,,,,,,,,,,,,,,,,,,,,,,,,,,,,,,,,,,,,,,,,,,,,,,,,,,,,,,,,,,,,,,,,
,,,,,,,,,,,,,,,,,,,,,,,,,,,,,,,,,,,,,,,,,,,,,,,,,,,,,,,,,,,,,,,,,,,,,,,,
,,,,,,,,,,,,,,,,,,,,,,,,,,,,,,,,,,,,,,,,,,,,,,,,,,,,,,,,,,,,,,,,,,,,,,,,
,,,,,,,,,,,,,,,,,,,,,,,,,,,,,,,,,,,,,,,,,,,,,,,,,,,,,,,,,,,,,,,,,,,,,,,,
,,,,,,,,,,,,,,,,,,,,,,,,,,,,,,,,,,,,,,,,,,,,,,,,,,,,,,,,,,,,,,,,,,,,,,,,
,,,,,,,,,,,,,,,,,,,,,,,,,,,,,,,,,,,,,,,,,,,,,,,,,,,,,,,,,,,,,,,,,,,,,,,,
,,,,,,,,,,,,,,,,,,,,,,,,,,,,,,,,,,,,,,,,,,,,,,,,,,,,,,,,,,,,,,,,,,,,,,,,
,,,,,,,,,,,,,,,,,,,,,,,,,,,,,,,,,,,,,,,,,,,,,,,,,,,,,,,,,,,,,,,,,,,,,,,,
,,,,,,,,,,,,,,,,,,,,,,,,,,,,,,,,,,,,,,,,,,,,,,,,,,,,,,,,,,,,,,,,,,,,,,,,
,,,,,,,,,,,,,,,,,,,,,,,,,,,,,,,,,,,,,,,,,,,,,,,,,,,,,,,,,,,,,,,,,,,,,,,,
,,,,,,,,,,,,,,,,,,,,,,,,,,,,,,,,,,,,,,,,,,,,,,,,,,,,,,,,,,,,,,,,,,,,,,,,
,,,,,,,,,,,,,,,,,,,,,,,,,,,,,,,,,,,,,,,,,,,,,,,,,,,,,,,,,,,,,,,,,,,,,,,,
,,,,,,,,,,,,,,,,,,,,,,,,,,,,,,,,,,,,,,,,,,,,,,,,,,,,,,,,,,,,,,,,,,,,,,,,
,,,,,,,,,,,,,,,,,,,,,,,,,,,,,,,,,,,,,,,,,,,,,,,,,,,,,,,,,,,,,,,,,,,,,,,,
,,,,,,,,,,,,,,,,,,,,,,,,,,,,,,,,,,,,,,,,,,,,,,,,,,,,,,,,,,,,,,,,,,,,,,,,
,,,,,,,,,,,,,,,,,,,,,,,,,,,,,,,,,,,,,,,,,,,,,,,,,,,,,,,,,,,,,,,,,,,,,,,,
,,,,,,,,,,,,,,,,,,,,,,,,,,,,,,,,,,,,,,,,,,,,,,,,,,,,,,,,,,,,,,,,,,,,,,,,
,,,,,,,,,,,,,,,,,,,,,,,,,,,,,,,,,,,,,,,,,,,,,,,,,,,,,,,,,,,,,,,,,,,,,,,,
,,,,,,,,,,,,,,,,,,,,,,,,,,,,,,,,,,,,,,,,,,,,,,,,,,,,,,,,,,,,,,,,,,,,,,,,
,,,,,,,,,,,,,,,,,,,,,,,,,,,,,,,,,,,,,,,,,,,,,,,,,,,,,,,,,,,,,,,,,,,,,,,,
,,,,,,,,,,,,,,,,,,,,,,,,,,,,,,,,,,,,,,,,,,,,,,,,,,,,,,,,,,,,,,,,,,,,,,,,
,,,,,,,,,,,,,,,,,,,,,,,,,,,,,,,,,,,,,,,,,,,,,,,,,,,,,,,,,,,,,,,,,,,,,,,,
,,,,,,,,,,,,,,,,,,,,,,,,,,,,,,,,,,,,,,,,,,,,,,,,,,,,,,,,,,,,,,,,,,,,,,,,
,,,,,,,,,,,,,,,,,,,,,,,,,,,,,,,,,,,,,,,,,,,,,,,,,,,,,,,,,,,,,,,,,,,,,,,,
,,,,,,,,,,,,,,,,,,,,,,,,,,,,,,,,,,,,,,,,,,,,,,,,,,,,,,,,,,,,,,,,,,,,,,,,
,,,,,,,,,,,,,,,,,,,,,,,,,,,,,,,,,,,,,,,,,,,,,,,,,,,,,,,,,,,,,,,,,,,,,,,,
,,,,,,,,,,,,,,,,,,,,,,,,,,,,,,,,,,,,,,,,,,,,,,,,,,,,,,,,,,,,,,,,,,,,,,,,
,,,,,,,,,,,,,,,,,,,,,,,,,,,,,,,,,,,,,,,,,,,,,,,,,,,,,,,,,,,,,,,,,,,,,,,,
,,,,,,,,,,,,,,,,,,,,,,,,,,,,,,,,,,,,,,,,,,,,,,,,,,,,,,,,,,,,,,,,,,,,,,,,
,,,,,,,,,,,,,,,,,,,,,,,,,,,,,,,,,,,,,,,,,,,,,,,,,,,,,,,,,,,,,,,,,,,,,,,,
,,,,,,,,,,,,,,,,,,,,,,,,,,,,,,,,,,,,,,,,,,,,,,,,,,,,,,,,,,,,,,,,,,,,,,,,
,,,,,,,,,,,,,,,,,,,,,,,,,,,,,,,,,,,,,,,,,,,,,,,,,,,,,,,,,,,,,,,,,,,,,,,,
,,,,,,,,,,,,,,,,,,,,,,,,,,,,,,,,,,,,,,,,,,,,,,,,,,,,,,,,,,,,,,,,,,,,,,,,
,,,,,,,,,,,,,,,,,,,,,,,,,,,,,,,,,,,,,,,,,,,,,,,,,,,,,,,,,,,,,,,,,,,,,,,,
,,,,,,,,,,,,,,,,,,,,,,,,,,,,,,,,,,,,,,,,,,,,,,,,,,,,,,,,,,,,,,,,,,,,,,,,
,,,,,,,,,,,,,,,,,,,,,,,,,,,,,,,,,,,,,,,,,,,,,,,,,,,,,,,,,,,,,,,,,,,,,,,,
,,,,,,,,,,,,,,,,,,,,,,,,,,,,,,,,,,,,,,,,,,,,,,,,,,,,,,,,,,,,,,,,,,,,,,,,
,,,,,,,,,,,,,,,,,,,,,,,,,,,,,,,,,,,,,,,,,,,,,,,,,,,,,,,,,,,,,,,,,,,,,,,,
,,,,,,,,,,,,,,,,,,,,,,,,,,,,,,,,,,,,,,,,,,,,,,,,,,,,,,,,,,,,,,,,,,,,,,,,
,,,,,,,,,,,,,,,,,,,,,,,,,,,,,,,,,,,,,,,,,,,,,,,,,,,,,,,,,,,,,,,,,,,,,,,,
,,,,,,,,,,,,,,,,,,,,,,,,,,,,,,,,,,,,,,,,,,,,,,,,,,,,,,,,,,,,,,,,,,,,,,,,
,,,,,,,,,,,,,,,,,,,,,,,,,,,,,,,,,,,,,,,,,,,,,,,,,,,,,,,,,,,,,,,,,,,,,,,,
,,,,,,,,,,,,,,,,,,,,,,,,,,,,,,,,,,,,,,,,,,,,,,,,,,,,,,,,,,,,,,,,,,,,,,,,
,,,,,,,,,,,,,,,,,,,,,,,,,,,,,,,,,,,,,,,,,,,,,,,,,,,,,,,,,,,,,,,,,,,,,,,,
,,,,,,,,,,,,,,,,,,,,,,,,,,,,,,,,,,,,,,,,,,,,,,,,,,,,,,,,,,,,,,,,,,,,,,,,
,,,,,,,,,,,,,,,,,,,,,,,,,,,,,,,,,,,,,,,,,,,,,,,,,,,,,,,,,,,,,,,,,,,,,,,,
,,,,,,,,,,,,,,,,,,,,,,,,,,,,,,,,,,,,,,,,,,,,,,,,,,,,,,,,,,,,,,,,,,,,,,,,
,,,,,,,,,,,,,,,,,,,,,,,,,,,,,,,,,,,,,,,,,,,,,,,,,,,,,,,,,,,,,,,,,,,,,,,,
,,,,,,,,,,,,,,,,,,,,,,,,,,,,,,,,,,,,,,,,,,,,,,,,,,,,,,,,,,,,,,,,,,,,,,,,
,,,,,,,,,,,,,,,,,,,,,,,,,,,,,,,,,,,,,,,,,,,,,,,,,,,,,,,,,,,,,,,,,,,,,,,,
,,,,,,,,,,,,,,,,,,,,,,,,,,,,,,,,,,,,,,,,,,,,,,,,,,,,,,,,,,,,,,,,,,,,,,,,
,,,,,,,,,,,,,,,,,,,,,,,,,,,,,,,,,,,,,,,,,,,,,,,,,,,,,,,,,,,,,,,,,,,,,,,,
,,,,,,,,,,,,,,,,,,,,,,,,,,,,,,,,,,,,,,,,,,,,,,,,,,,,,,,,,,,,,,,,,,,,,,,,
,,,,,,,,,,,,,,,,,,,,,,,,,,,,,,,,,,,,,,,,,,,,,,,,,,,,,,,,,,,,,,,,,,,,,,,,
,,,,,,,,,,,,,,,,,,,,,,,,,,,,,,,,,,,,,,,,,,,,,,,,,,,,,,,,,,,,,,,,,,,,,,,,
,,,,,,,,,,,,,,,,,,,,,,,,,,,,,,,,,,,,,,,,,,,,,,,,,,,,,,,,,,,,,,,,,,,,,,,,
,,,,,,,,,,,,,,,,,,,,,,,,,,,,,,,,,,,,,,,,,,,,,,,,,,,,,,,,,,,,,,,,,,,,,,,,
,,,,,,,,,,,,,,,,,,,,,,,,,,,,,,,,,,,,,,,,,,,,,,,,,,,,,,,,,,,,,,,,,,,,,,,,
,,,,,,,,,,,,,,,,,,,,,,,,,,,,,,,,,,,,,,,,,,,,,,,,,,,,,,,,,,,,,,,,,,,,,,,,
,,,,,,,,,,,,,,,,,,,,,,,,,,,,,,,,,,,,,,,,,,,,,,,,,,,,,,,,,,,,,,,,,,,,,,,,
,,,,,,,,,,,,,,,,,,,,,,,,,,,,,,,,,,,,,,,,,,,,,,,,,,,,,,,,,,,,,,,,,,,,,,,,
,,,,,,,,,,,,,,,,,,,,,,,,,,,,,,,,,,,,,,,,,,,,,,,,,,,,,,,,,,,,,,,,,,,,,,,,
,,,,,,,,,,,,,,,,,,,,,,,,,,,,,,,,,,,,,,,,,,,,,,,,,,,,,,,,,,,,,,,,,,,,,,,,
,,,,,,,,,,,,,,,,,,,,,,,,,,,,,,,,,,,,,,,,,,,,,,,,,,,,,,,,,,,,,,,,,,,,,,,,
,,,,,,,,,,,,,,,,,,,,,,,,,,,,,,,,,,,,,,,,,,,,,,,,,,,,,,,,,,,,,,,,,,,,,,,,
,,,,,,,,,,,,,,,,,,,,,,,,,,,,,,,,,,,,,,,,,,,,,,,,,,,,,,,,,,,,,,,,,,,,,,,,
,,,,,,,,,,,,,,,,,,,,,,,,,,,,,,,,,,,,,,,,,,,,,,,,,,,,,,,,,,,,,,,,,,,,,,,,
,,,,,,,,,,,,,,,,,,,,,,,,,,,,,,,,,,,,,,,,,,,,,,,,,,,,,,,,,,,,,,,,,,,,,,,,
,,,,,,,,,,,,,,,,,,,,,,,,,,,,,,,,,,,,,,,,,,,,,,,,,,,,,,,,,,,,,,,,,,,,,,,,
,,,,,,,,,,,,,,,,,,,,,,,,,,,,,,,,,,,,,,,,,,,,,,,,,,,,,,,,,,,,,,,,,,,,,,,,
,,,,,,,,,,,,,,,,,,,,,,,,,,,,,,,,,,,,,,,,,,,,,,,,,,,,,,,,,,,,,,,,,,,,,,,,
,,,,,,,,,,,,,,,,,,,,,,,,,,,,,,,,,,,,,,,,,,,,,,,,,,,,,,,,,,,,,,,,,,,,,,,,
,,,,,,,,,,,,,,,,,,,,,,,,,,,,,,,,,,,,,,,,,,,,,,,,,,,,,,,,,,,,,,,,,,,,,,,,
,,,,,,,,,,,,,,,,,,,,,,,,,,,,,,,,,,,,,,,,,,,,,,,,,,,,,,,,,,,,,,,,,,,,,,,,
,,,,,,,,,,,,,,,,,,,,,,,,,,,,,,,,,,,,,,,,,,,,,,,,,,,,,,,,,,,,,,,,,,,,,,,,
,,,,,,,,,,,,,,,,,,,,,,,,,,,,,,,,,,,,,,,,,,,,,,,,,,,,,,,,,,,,,,,,,,,,,,,,
,,,,,,,,,,,,,,,,,,,,,,,,,,,,,,,,,,,,,,,,,,,,,,,,,,,,,,,,,,,,,,,,,,,,,,,,
,,,,,,,,,,,,,,,,,,,,,,,,,,,,,,,,,,,,,,,,,,,,,,,,,,,,,,,,,,,,,,,,,,,,,,,,
,,,,,,,,,,,,,,,,,,,,,,,,,,,,,,,,,,,,,,,,,,,,,,,,,,,,,,,,,,,,,,,,,,,,,,,,
,,,,,,,,,,,,,,,,,,,,,,,,,,,,,,,,,,,,,,,,,,,,,,,,,,,,,,,,,,,,,,,,,,,,,,,,
,,,,,,,,,,,,,,,,,,,,,,,,,,,,,,,,,,,,,,,,,,,,,,,,,,,,,,,,,,,,,,,,,,,,,,,,
,,,,,,,,,,,,,,,,,,,,,,,,,,,,,,,,,,,,,,,,,,,,,,,,,,,,,,,,,,,,,,,,,,,,,,,,
,,,,,,,,,,,,,,,,,,,,,,,,,,,,,,,,,,,,,,,,,,,,,,,,,,,,,,,,,,,,,,,,,,,,,,,,
,,,,,,,,,,,,,,,,,,,,,,,,,,,,,,,,,,,,,,,,,,,,,,,,,,,,,,,,,,,,,,,,,,,,,,,,
,,,,,,,,,,,,,,,,,,,,,,,,,,,,,,,,,,,,,,,,,,,,,,,,,,,,,,,,,,,,,,,,,,,,,,,,
,,,,,,,,,,,,,,,,,,,,,,,,,,,,,,,,,,,,,,,,,,,,,,,,,,,,,,,,,,,,,,,,,,,,,,,,
,,,,,,,,,,,,,,,,,,,,,,,,,,,,,,,,,,,,,,,,,,,,,,,,,,,,,,,,,,,,,,,,,,,,,,,,
,,,,,,,,,,,,,,,,,,,,,,,,,,,,,,,,,,,,,,,,,,,,,,,,,,,,,,,,,,,,,,,,,,,,,,,,
,,,,,,,,,,,,,,,,,,,,,,,,,,,,,,,,,,,,,,,,,,,,,,,,,,,,,,,,,,,,,,,,,,,,,,,,
,,,,,,,,,,,,,,,,,,,,,,,,,,,,,,,,,,,,,,,,,,,,,,,,,,,,,,,,,,,,,,,,,,,,,,,,
,,,,,,,,,,,,,,,,,,,,,,,,,,,,,,,,,,,,,,,,,,,,,,,,,,,,,,,,,,,,,,,,,,,,,,,,
,,,,,,,,,,,,,,,,,,,,,,,,,,,,,,,,,,,,,,,,,,,,,,,,,,,,,,,,,,,,,,,,,,,,,,,,
,,,,,,,,,,,,,,,,,,,,,,,,,,,,,,,,,,,,,,,,,,,,,,,,,,,,,,,,,,,,,,,,,,,,,,,,
,,,,,,,,,,,,,,,,,,,,,,,,,,,,,,,,,,,,,,,,,,,,,,,,,,,,,,,,,,,,,,,,,,,,,,,,
,,,,,,,,,,,,,,,,,,,,,,,,,,,,,,,,,,,,,,,,,,,,,,,,,,,,,,,,,,,,,,,,,,,,,,,,
